benchmark,key,key_id,nh,nn,trial,seed,lpa_order,lpa_panels,ff_sigma,ff_features,lr,adam_steps,lbfgs_maxiter,N_b,N_r,n_params,lpa_ref_params,l1_absolute,l2_relative,l1_absolute_c0,l2_relative_c0,l2_relative_sum,final_loss,time_adam,time_lbfgs,lbfgs_steps,machine,rms_r,mean_abs_r,max_abs_r,rms_r_x,mean_abs_r_x,max_abs_r_x,rms_r_y,mean_abs_r_y,max_abs_r_y,rms_r_xx,mean_abs_r_xx,max_abs_r_xx,rms_r_yy,mean_abs_r_yy,max_abs_r_yy,domain,P
helmholtz2d,LPA,LPA_P1_N30,2,10,0,1234,1.0,30.0,,,0.01,200,40000,200,10000,181,,0.24301899341601216,0.6226839441011691,0.24301899341601216,0.6226839441011696,0.6226839441011696,23.446203231811523,3.1887009143829346,96.0511999130249,7517,arm64,4.140133824995856,2.626124292612076,57.79372024536133,96.16224089894656,58.2597599029541,849.2738037109375,97.40191474301452,63.09611654281616,892.705078125,2374.699204636242,1487.0052947998047,14643.779296875,2444.721188090781,1657.3161163330078,13109.3818359375,,1
helmholtz2d,LPA,LPA_P1_N30,2,10,1,1235,1.0,30.0,,,0.01,200,40000,200,10000,181,,0.4064957763086654,0.9980361467665595,0.4064957763086654,0.998036146766559,0.998036146766559,140.4002685546875,3.364799976348877,126.73679900169373,9358,arm64,9.682573013089476,7.275379419326782,63.03322982788086,228.67612259037617,152.1362819671631,1383.6463623046875,238.62876093814634,167.4112377166748,2316.89990234375,5533.012244699988,3663.0274047851562,43831.8671875,7146.001784214723,4700.325378417969,86991.7421875,,1
helmholtz2d,LPA,LPA_P1_N30,2,10,2,1236,1.0,30.0,,,0.01,200,40000,200,10000,181,,0.3794877916221321,0.9569428187125952,0.3794877916221321,0.9569428187125932,0.9569428187125932,80.72638702392578,3.100066900253296,161.58004903793335,11795,arm64,7.5632431043496915,5.441343367099762,41.69453048706055,179.79574253358484,120.05523300170898,1376.3304443359375,215.24981398801486,129.72058010101318,1798.2335205078125,3883.5370797766304,2769.7984924316406,19772.361328125,5722.001092275324,3357.9764099121094,41441.30859375,,1
helmholtz2d,LPA,LPA_P1_N30,2,10,3,1237,1.0,30.0,,,0.01,200,40000,200,10000,181,,0.6068894364095929,1.469656037913008,0.6068894364095929,1.4696560379130024,1.4696560379130024,331.82574462890625,3.222726821899414,159.32726979255676,11220,arm64,15.615112166794301,11.651865601539612,77.78958129882812,339.81464386853605,245.4400291442871,1406.662353515625,277.09383986972716,209.1391658782959,1360.53515625,6692.640622355275,5068.670837402344,25276.34375,5396.595663008301,4178.818634033203,21817.6640625,,1
helmholtz2d,LPA,LPA_P1_N30,2,10,4,1238,1.0,30.0,,,0.01,200,40000,200,10000,181,,0.22335993699903683,0.5500143361994935,0.22335993699903683,0.5500143361994928,0.5500143361994928,49.06047439575195,3.9523041248321533,112.83917021751404,8310,arm64,6.029486600994303,4.586341738700867,29.86560821533203,145.0592997344642,100.88697338104248,1039.64013671875,132.42063928258244,91.48988437652588,1098.185791015625,3595.877813552624,2624.4302978515625,17621.326171875,3035.7900639701684,2284.8106384277344,19616.49609375,,1
helmholtz2d,LPA,LPA_P2_N30,2,10,0,1234,2.0,30.0,,,0.01,200,40000,200,10000,181,,0.022315953804154413,0.05480377197129814,0.022315953804154413,0.054803771971298064,0.054803771971298064,4.351239204406738,4.994560956954956,160.75096082687378,9869,arm64,2.0931014721955687,1.3369932174682617,34.41051483154297,61.555635919682956,34.69899368286133,772.476318359375,60.56005715875183,29.379945755004883,1345.7650146484375,1493.6273014460469,902.5216217041016,10725.6455078125,1462.029625212841,753.6955108642578,21163.890625,,2
helmholtz2d,LPA,LPA_P2_N30,2,10,1,1235,2.0,30.0,,,0.01,200,40000,200,10000,181,,0.11258181543605933,0.2961890995974484,0.11258181543605933,0.2961890995974486,0.2961890995974486,15.367048263549805,4.1727049350738525,187.24438405036926,11207,arm64,3.573876419766771,2.526425540447235,32.42767333984375,92.63982714384882,60.4082555770874,1129.087646484375,94.11992089498027,59.25659227371216,848.6478271484375,2382.353038489468,1607.6875305175781,18309.720703125,2220.3264962613043,1517.4876403808594,14256.0419921875,,2
helmholtz2d,LPA,LPA_P2_N30,2,10,2,1236,2.0,30.0,,,0.01,200,40000,200,10000,181,,0.03501842581367569,0.08737996439969252,0.03501842581367569,0.08737996439969231,0.08737996439969231,4.348801136016846,4.211595773696899,137.380117893219,8080,arm64,1.6584125921184225,1.2167500406503677,13.521977424621582,54.931987255850785,32.908759117126465,731.9549560546875,51.29206796339873,32.301002979278564,772.8274536132812,1554.0770673457607,935.0388336181641,22351.765625,1485.8150172969042,893.6573715209961,16583.3515625,,2
helmholtz2d,LPA,LPA_P2_N30,2,10,3,1237,2.0,30.0,,,0.01,200,40000,200,10000,181,,0.08801963707054947,0.21767949515209856,0.08801963707054947,0.21767949515209786,0.21767949515209786,9.000426292419434,4.774883031845093,94.06984496116638,5630,arm64,2.7336153010467052,1.885686382651329,27.047916412353516,71.61101870863367,46.97762155532837,620.336181640625,68.8813816997964,44.684993267059326,545.0250244140625,1690.752070085972,1194.159408569336,9933.9072265625,1645.6802924626643,1132.0752716064453,12322.64453125,,2
helmholtz2d,LPA,LPA_P2_N30,2,10,4,1238,2.0,30.0,,,0.01,200,40000,200,10000,181,,0.025355247116487057,0.06412650269951795,0.025355247116487057,0.06412650269951763,0.06412650269951763,3.223994255065918,4.5875818729400635,111.85389375686646,6638,arm64,1.6768667266789476,1.2642370760440826,11.533548355102539,49.61903295507163,33.29215359687805,482.6645202636719,52.63441249006042,33.864588260650635,472.98114013671875,1465.654354716691,916.7860412597656,14567.103515625,1395.1244176147875,896.0348968505859,12722.521484375,,2
helmholtz2d,LPA,LPA_P3_N30,2,10,0,1234,3.0,30.0,,,0.01,200,40000,200,10000,181,,0.602965763311865,1.4459247617473152,0.602965763311865,1.445924761747315,1.445924761747315,84.24774169921875,5.316805839538574,166.50946307182312,8426,arm64,6.82830705552759,4.6552223563194275,39.000789642333984,137.91711059375936,89.56575679779053,1046.0728759765625,141.8559097150829,93.37720775604248,1351.284912109375,2725.2955229662707,1957.6263885498047,14472.44921875,2948.543019441975,2106.3936462402344,17189.84375,,3
helmholtz2d,LPA,LPA_P3_N30,2,10,1,1235,3.0,30.0,,,0.01,200,40000,200,10000,181,,0.19664559940593435,0.4836335987061328,0.19664559940593435,0.4836335987061302,0.4836335987061302,28.57971954345703,5.3521130084991455,55.76683712005615,2867,arm64,4.458566386230945,3.282545804977417,32.41395568847656,103.35109920572326,67.84291076660156,1311.2547607421875,100.82733079262599,68.54033756256104,867.3872680664062,2479.58077353814,1563.3379364013672,20869.158203125,2800.3764925452433,1719.989761352539,58369.80078125,,3
helmholtz2d,LPA,LPA_P3_N30,2,10,2,1236,3.0,30.0,,,0.01,200,40000,200,10000,181,,0.14836352481257542,0.3724565810307256,0.14836352481257542,0.37245658103072377,0.37245658103072377,28.1461181640625,5.450679063796997,158.50355195999146,8067,arm64,4.975049997203085,3.6351144909858704,37.06379699707031,116.71634870354495,78.95394325256348,1207.28955078125,121.77204736126714,76.21923446655273,1600.150146484375,2479.413615151776,1703.9714813232422,18082.33203125,2680.670147090089,1682.9990997314453,31701.134765625,,3
helmholtz2d,LPA,LPA_P3_N30,2,10,3,1237,3.0,30.0,,,0.01,200,40000,200,10000,181,,0.06653147981118368,0.16109803317390536,0.06653147981118368,0.16109803317390484,0.16109803317390484,15.80833911895752,5.410759925842285,90.4374771118164,4552,arm64,3.7444833072336627,2.774575561285019,36.58953094482422,105.59228355651604,63.59245491027832,1280.43798828125,91.91448284009283,62.95851421356201,926.2179565429688,2565.235954059587,1544.839096069336,22502.638671875,2165.604188211687,1432.6124420166016,18812.8984375,,3
helmholtz2d,LPA,LPA_P3_N30,2,10,4,1238,3.0,30.0,,,0.01,200,40000,200,10000,181,,0.037058969184130645,0.0920246548352353,0.037058969184130645,0.0920246548352353,0.0920246548352353,10.294879913330078,5.257648706436157,69.30348920822144,3501,arm64,3.07507176664389,2.22997385263443,37.75768280029297,86.68409217346341,52.49324417114258,1141.75341796875,86.53910904914339,52.92277479171753,1268.5203857421875,2125.2909874297216,1282.2926177978516,20702.08984375,2173.4210576301134,1299.1930236816406,21347.6328125,,3
helmholtz2d,LPA,LPA_P4_N30,2,10,0,1234,4.0,30.0,,,0.01,200,40000,200,10000,181,,0.037562473019188844,0.09354036641977119,0.037562473019188844,0.09354036641977088,0.09354036641977088,2.944154977798462,6.757664203643799,132.49380612373352,5382,arm64,1.5261890114573242,1.111092820763588,20.25619888305664,45.44558312301235,25.901468753814697,674.05712890625,40.418426118812135,24.70051622390747,514.82958984375,1130.1374190502233,630.1936416625977,11299.1962890625,1023.7880563744627,598.3228454589844,9471.8837890625,,4
helmholtz2d,LPA,LPA_P4_N30,2,10,1,1235,4.0,30.0,,,0.01,200,40000,200,10000,181,,0.0717157987894168,0.18454870891335534,0.0717157987894168,0.18454870891335462,0.18454870891335462,11.363107681274414,6.481582880020142,145.72849583625793,5979,arm64,3.1597239949613822,2.184653103351593,36.767127990722656,91.9987759716043,52.814433097839355,1320.6876220703125,90.90137007785553,53.14604043960571,1108.8765869140625,2238.7736109866046,1321.4635162353516,19002.33203125,2000.6239183064868,1242.5452575683594,16907.1875,,4
helmholtz2d,LPA,LPA_P4_N30,2,10,2,1236,4.0,30.0,,,0.01,200,40000,200,10000,181,,0.024832210822194306,0.06452225929134056,0.024832210822194306,0.06452225929134041,0.06452225929134041,5.771153450012207,6.913563013076782,157.37194228172302,6460,arm64,2.131013747514178,1.5751828849315643,21.864248275756836,61.25027254005054,39.69319772720337,632.4915771484375,58.591808561586305,35.62195634841919,811.6213989257812,1593.8109302078462,1032.1576232910156,12659.5263671875,1547.0482478739957,861.9352798461914,16508.43359375,,4
helmholtz2d,LPA,LPA_P4_N30,2,10,3,1237,4.0,30.0,,,0.01,200,40000,200,10000,181,,0.012260351962382891,0.029253646113883456,0.012260351962382891,0.029253646113883407,0.029253646113883407,5.054956436157227,6.530935049057007,125.75701403617859,5177,arm64,2.1180485033914977,1.4478967040777206,26.55667495727539,66.47273073888846,37.378575801849365,833.558837890625,69.62754655492188,36.58405590057373,942.0327758789062,1580.6765857537082,902.7912216186523,13111.111328125,1715.9704615756066,919.5234909057617,14956.78125,,4
helmholtz2d,LPA,LPA_P4_N30,2,10,4,1238,4.0,30.0,,,0.01,200,40000,200,10000,181,,0.09360883900892446,0.2249102181186823,0.09360883900892446,0.22491021811868267,0.22491021811868267,8.707220077514648,6.592862844467163,191.5935161113739,8105,arm64,2.531824682484819,1.9350415766239166,17.542722702026367,78.73975434032175,48.626564502716064,600.7218017578125,68.32704815996303,47.525514125823975,597.2811889648438,2680.2918276281034,1407.5570831298828,21893.740234375,1723.6623436740736,1210.4474029541016,12051.142578125,,4
helmholtz2d,LPA,LPA_P6_N30,2,10,0,1234,6.0,30.0,,,0.01,200,40000,200,10000,181,,0.0028642681283493013,0.00715208939096493,0.0028642681283493013,0.007152089390964924,0.007152089390964924,0.40667638182640076,8.28492283821106,152.06630778312683,4762,arm64,0.5898368184522371,0.4089321941137314,12.19577693939209,21.106041883007936,10.774534702301025,460.73089599609375,21.10739124162092,10.61015784740448,447.49249267578125,649.7772605141319,287.1450843811035,9292.080078125,652.4892360223271,282.9503517150879,9184.2998046875,,6
helmholtz2d,LPA,LPA_P6_N30,2,10,1,1235,6.0,30.0,,,0.01,200,40000,200,10000,181,,0.43756602379589404,1.060251940554512,0.43756602379589404,1.0602519405545083,1.0602519405545083,50.181480407714844,8.425074100494385,97.21952295303345,3074,arm64,5.627221813096229,4.294969201087952,55.17205810546875,134.5858973649589,94.6992301940918,1615.537353515625,141.54982093468232,95.42437744140625,1809.5235595703125,2760.3407737994958,2051.5958862304688,22110.986328125,3019.873817728151,2089.5511169433594,23675.744140625,,6
helmholtz2d,LPA,LPA_P6_N30,2,10,2,1236,6.0,30.0,,,0.01,200,40000,200,10000,181,,0.017052348309032926,0.04426895776886366,0.017052348309032926,0.0442689577688636,0.0442689577688636,1.489635944366455,8.622745037078857,143.99394297599792,4584,arm64,1.0868610804446843,0.8156164437532425,14.864128112792969,36.257397021934054,20.810913562774658,547.19287109375,32.43416547449395,19.36678957939148,524.2349853515625,1075.9322266063043,577.9633560180664,10667.642578125,944.1679289856228,513.9475898742676,11198.1044921875,,6
helmholtz2d,LPA,LPA_P6_N30,2,10,3,1237,6.0,30.0,,,0.01,200,40000,200,10000,181,,0.21563186083595257,0.5172125459358811,0.21563186083595257,0.5172125459358795,0.5172125459358795,41.46511459350586,8.80940580368042,177.4892680644989,5669,arm64,5.729053096223559,4.401844382286072,67.39156341552734,141.64886688307044,97.99267387390137,1969.134521484375,143.15872922364773,100.07164478302002,1963.327880859375,2986.9509851184366,2133.833297729492,26263.9296875,3050.73668357333,2194.802734375,25609.654296875,,6
helmholtz2d,LPA,LPA_P6_N30,2,10,4,1238,6.0,30.0,,,0.01,200,40000,200,10000,181,,0.9737017679510207,2.3275051333571257,0.9737017679510207,2.3275051333571213,2.3275051333571213,272.78131103515625,8.382268905639648,51.66991209983826,1613,arm64,13.799816193946002,11.075596451759338,76.20683288574219,251.0833587224445,197.2286605834961,2304.013916015625,249.3313421214078,196.92091751098633,2170.83203125,4371.6090001279845,3432.927764892578,33363.69140625,4364.075002219829,3459.9691162109375,31039.0,,6
helmholtz2d,LPA,LPA_P6_N30,2,10,5,1239,6.0,30.0,,,0.01,200,40000,200,10000,181,,0.008195930521487439,0.021548016924798356,0.008195930521487439,0.02154801692479835,0.02154801692479835,0.3516693413257599,6.951113224029541,121.50990509986877,4016,arm64,0.5587914757141463,0.38618597760796547,9.673761367797852,18.919878324315004,9.375748753547668,385.4242248535156,18.909188286573922,9.511098504066467,337.2247314453125,509.95068025159304,243.37149620056152,7078.76953125,572.8931391002383,262.7006149291992,6776.72412109375,"[[0.0, 1.0], [0.0, 1.0]]",6
helmholtz2d,LPA,LPA_P6_N30,2,10,6,1240,6.0,30.0,,,0.01,200,40000,200,10000,181,,0.07059498152646379,0.17357930998584317,0.07059498152646379,0.1735793099858429,0.1735793099858429,28.06584930419922,7.813699960708618,105.70393300056458,3519,arm64,4.768927808573945,3.521442472934723,40.7169189453125,139.44475289995003,89.71268081665039,1428.933349609375,140.4857835195211,88.8729419708252,1654.937255859375,3753.5073764413996,2250.357879638672,63197.43359375,3886.3308048852455,2292.056610107422,56410.8125,"[[0.0, 1.0], [0.0, 1.0]]",6
helmholtz2d,LPA,LPA_P6_N30,2,10,7,1241,6.0,30.0,,,0.01,200,40000,200,10000,181,,1.000841936743594,2.392203997829029,1.000841936743594,2.3922039978290197,2.3922039978290197,268.2672119140625,7.765509843826294,113.39543867111206,3739,arm64,13.276138794180657,10.716062545776367,40.375274658203125,232.80942321792412,193.73796844482422,759.6668701171875,228.86866478977905,185.3363971710205,981.0042114257812,3858.6224873651477,3304.017608642578,11864.7060546875,3846.7350279165316,3147.1862182617188,22257.46484375,"[[0.0, 1.0], [0.0, 1.0]]",6
helmholtz2d,LPA,LPA_P6_N30,2,10,8,1242,6.0,30.0,,,0.01,200,40000,200,10000,181,,0.0312900654811767,0.07846923232604754,0.0312900654811767,0.0784692323260472,0.0784692323260472,3.5070714950561523,7.883594036102295,107.80535101890564,3651,arm64,1.697815168502567,1.1979507356882095,16.023361206054688,50.824592080569126,29.055465936660767,573.2584228515625,57.238627407803,29.89929699897766,688.5167236328125,1341.2337429117267,702.5298461914062,11226.2529296875,1526.3159281420083,750.2649765014648,17790.09375,"[[0.0, 1.0], [0.0, 1.0]]",6
helmholtz2d,LPA,LPA_P6_N30,2,10,9,1243,6.0,30.0,,,0.01,200,40000,200,10000,181,,0.0019899308598374825,0.005095431518466281,0.0019899308598374825,0.005095431518466257,0.005095431518466257,0.14272728562355042,7.746047258377075,265.6215190887451,8118,arm64,0.32499325549252506,0.2306135781109333,4.4491496086120605,13.091862945412686,6.319728672504425,225.40545654296875,12.47171883864049,6.265824139118195,215.12405395507812,460.30057689921483,174.99733352661133,6061.96923828125,456.5504532976065,176.48447608947754,6092.64599609375,"[[0.0, 1.0], [0.0, 1.0]]",6
