benchmark,experiment,model,key_id,nh,nn,trial,init_seed,data_seed,feature_seed,collocation_sha256,n_params,order,panels,ff_features,sigma,omega0,hidden_omega0,adaptive_scale,adaptive_init,slope_recovery_weight,slope_recovery_final,lr,adam_steps,lbfgs_maxiter,n_b,n_r,l1_absolute,l2_relative,common_pde_boundary_loss,optimized_loss,time_adam,time_lbfgs,lbfgs_steps,lbfgs_success,lbfgs_status,lbfgs_message,lbfgs_nit,lbfgs_nfev,python,tensorflow,scipy,numpy,machine,rms_r,mean_abs_r,max_abs_r,rms_r_x,mean_abs_r_x,max_abs_r_x,rms_r_y,mean_abs_r_y,max_abs_r_y,rms_r_xx,mean_abs_r_xx,max_abs_r_xx,rms_r_yy,mean_abs_r_yy,max_abs_r_yy
helmholtz2d,major1_confirm,FF,FF_m3_s0.5_lr0.003,3,10,10,1244,101244,201244,0fb74df0bd2f88ad4f28fa6044d6367e61832782da47f85ebf92624beafc27a2,301,,,3.0,0.5,,,,,0.0,0.0,0.003,200,40000,200,10000,0.06966197035081834,0.17745103334488707,3.567056179046631,3.567056179046631,3.199692964553833,171.1830587387085,13582,True,0,CONVERGENCE: RELATIVE REDUCTION OF F <= FACTR*EPSMCH,13582,14663,3.10.18,2.10.0,1.15.3,1.26.0,arm64,1.5085021205990876,1.1362424939870834,9.297136306762695,60.17180069904202,41.34569978713989,600.0375366210938,51.868111541418656,32.536855697631836,531.0178833007812,2322.2837224378936,1574.0160217285156,20701.271484375,2865.129054684972,1393.5293579101562,44806.04296875
helmholtz2d,major1_confirm,FF,FF_m3_s0.5_lr0.003,3,10,11,1245,101245,201245,6c909b202f01334e613d04b74d41a114be0217af8040016bae2c0f3de9acc3d6,301,,,3.0,0.5,,,,,0.0,0.0,0.003,200,40000,200,10000,0.07120918474717751,0.1726299285007306,10.669168472290039,10.669166564941406,3.217180013656616,247.09497117996216,19526,True,0,CONVERGENCE: RELATIVE REDUCTION OF F <= FACTR*EPSMCH,19526,21041,3.10.18,2.10.0,1.15.3,1.26.0,arm64,2.6832153853168133,1.8803667724132538,22.117403030395508,78.86655135330365,55.778231620788574,486.70684814453125,165.6228954023124,83.3948335647583,2451.210205078125,2481.3127196103273,1883.6536865234375,12667.3115234375,19734.836052017254,6254.6563720703125,312112.28125
helmholtz2d,major1_confirm,FF,FF_m3_s0.5_lr0.003,3,10,12,1246,101246,201246,7b83f0057d18869ea06d4504b6fd4bc4aaf7ac20e82e926a191ce9e4f079eab9,301,,,3.0,0.5,,,,,0.0,0.0,0.003,200,40000,200,10000,0.2556479865852794,0.6177951059273711,28.052967071533203,28.052967071533203,3.229212999343872,120.6894998550415,9314,True,0,CONVERGENCE: RELATIVE REDUCTION OF F <= FACTR*EPSMCH,9314,10182,3.10.18,2.10.0,1.15.3,1.26.0,arm64,3.949251501172075,2.89602854847908,24.72545051574707,147.37841088875177,93.37727737426758,1243.599365234375,181.65521177989052,97.2154312133789,2170.94775390625,6661.413832663454,3934.3395080566406,63463.9453125,9034.20987137226,4484.673828125,83454.5859375
helmholtz2d,major1_confirm,FF,FF_m3_s0.5_lr0.003,3,10,13,1247,101247,201247,e073d1b3f95374617ba10f0de47aee81d7469b5bc9e8fbc3d39738dec55f96ff,301,,,3.0,0.5,,,,,0.0,0.0,0.003,200,40000,200,10000,0.4789268201800688,1.1732558390108656,3016.0322265625,3016.0322265625,3.228945732116699,161.12869787216187,12679,True,0,CONVERGENCE: RELATIVE REDUCTION OF F <= FACTR*EPSMCH,12679,13661,3.10.18,2.10.0,1.15.3,1.26.0,arm64,55.63503245202163,44.56913137435913,168.93746948242188,1101.66112501758,881.1360397338867,3473.44921875,1005.7900501595748,794.5183639526367,4153.21240234375,62506.555176237314,48781.28076171875,218657.421875,56150.93545080082,42737.4345703125,259875.453125
helmholtz2d,major1_confirm,FF,FF_m3_s0.5_lr0.003,3,10,14,1248,101248,201248,e8d15ee310a129e8292139a604196cba36aa295bee8a52e3a38c89f79bfa94be,301,,,3.0,0.5,,,,,0.0,0.0,0.003,200,40000,200,10000,0.291705558329957,0.7345028633207489,111.24532318115234,111.24530029296875,3.2878568172454834,192.3255100250244,15371,True,0,CONVERGENCE: RELATIVE REDUCTION OF F <= FACTR*EPSMCH,15371,16557,3.10.18,2.10.0,1.15.3,1.26.0,arm64,9.99166699351951,7.216486632823944,75.16667175292969,286.74947723633693,178.1784267425537,2206.62255859375,656.5812452702445,388.5525093078613,8149.828125,6862.0196006715105,4570.818603515625,49248.9140625,69212.87325346348,33724.38818359375,1200612.25
helmholtz2d,major1_confirm,FF,FF_m3_s0.5_lr0.003,3,10,15,1249,101249,201249,88dcfbd6a03e399ca9655f79269b8582235f702d946f2aa4b9d5e6c2a6fb0831,301,,,3.0,0.5,,,,,0.0,0.0,0.003,200,40000,200,10000,0.022326617883936712,0.05449690319331171,2.3457882404327393,2.345787763595581,3.2731058597564697,112.61572194099426,9061,True,0,CONVERGENCE: RELATIVE REDUCTION OF F <= FACTR*EPSMCH,9061,9771,3.10.18,2.10.0,1.15.3,1.26.0,arm64,1.3205244977596833,1.02240801602602,7.729171276092529,49.04240731085445,31.77123236656189,467.968505859375,65.723953019339,44.51483154296875,551.6884765625,1956.1057534678437,1143.6046142578125,16860.0546875,3635.7421353830914,2408.1844787597656,28884.521484375
helmholtz2d,major1_confirm,FF,FF_m3_s0.5_lr0.003,3,10,16,1250,101250,201250,4e288d32d0769cd961971cda4eeb15aa361c9e9f094bde2ff924238e22aaf387,301,,,3.0,0.5,,,,,0.0,0.0,0.003,200,40000,200,10000,0.2282721739734557,0.5748607639584309,10.174242973327637,10.174247741699219,3.2965409755706787,365.7753369808197,29095,True,0,CONVERGENCE: RELATIVE REDUCTION OF F <= FACTR*EPSMCH,29095,31073,3.10.18,2.10.0,1.15.3,1.26.0,arm64,2.9611953180239254,2.2651772797107697,26.2186222076416,91.39971264015618,62.53091859817505,814.8184204101562,173.38767020664272,89.52772521972656,4610.4970703125,3345.730226721814,2096.9269409179688,62290.5234375,17623.54708905106,5334.1187744140625,451847.03125
helmholtz2d,major1_confirm,FF,FF_m3_s0.5_lr0.003,3,10,17,1251,101251,201251,4436e43d0db65656c1980747481e84488f5e71c8f0961d65afdd705d5f7fda4a,301,,,3.0,0.5,,,,,0.0,0.0,0.003,200,40000,200,10000,0.3962896605346297,0.9733878954045142,235.9990234375,235.9990234375,3.2970101833343506,189.83360981941223,15038,True,0,CONVERGENCE: RELATIVE REDUCTION OF F <= FACTR*EPSMCH,15038,16230,3.10.18,2.10.0,1.15.3,1.26.0,arm64,13.676520067495833,10.841120600700378,67.33883666992188,367.0585731102735,263.40135192871094,3125.19091796875,464.6652293755419,316.1199951171875,3915.468017578125,16987.20259489478,11793.11474609375,104620.796875,20950.65259126789,14646.39111328125,141244.640625
helmholtz2d,major1_confirm,FF,FF_m3_s0.5_lr0.003,3,10,18,1252,101252,201252,9b631f7ae65ead03483252b5468db4041312e681781777fe4cdbab46b853c036,301,,,3.0,0.5,,,,,0.0,0.0,0.003,200,40000,200,10000,0.5428342134096139,1.3724647579526779,134.00881958007812,134.00881958007812,3.319885015487671,265.4746401309967,20647,True,0,CONVERGENCE: RELATIVE REDUCTION OF F <= FACTR*EPSMCH,20647,22474,3.10.18,2.10.0,1.15.3,1.26.0,arm64,8.722059489984357,6.8468340039253235,37.11886215209961,286.3323929593236,184.07930374145508,3097.83984375,450.92805126968426,307.52833557128906,5183.62646484375,12908.73185096042,7671.2681884765625,231874.015625,44194.77914867321,24762.4052734375,1425351.5
helmholtz2d,major1_confirm,FF,FF_m3_s0.5_lr0.003,3,10,19,1253,101253,201253,2e00166dc02649b405f475b0e68228b61ca1a56e8ff55eb5f4499e6ddaca7978,301,,,3.0,0.5,,,,,0.0,0.0,0.003,200,40000,200,10000,0.490476381963836,1.2284207605741404,133.12179565429688,133.1217803955078,3.3409111499786377,289.1638252735138,22725,True,0,CONVERGENCE: RELATIVE REDUCTION OF F <= FACTR*EPSMCH,22725,24261,3.10.18,2.10.0,1.15.3,1.26.0,arm64,9.890025525961741,7.644778609275818,69.44756317138672,310.43041880890956,217.99259567260742,2595.02685546875,551.9747202516389,375.92781829833984,6321.30810546875,10870.107773154781,7832.742370605469,68684.515625,47400.62598742764,27941.10986328125,1060054.125
helmholtz2d,major1_confirm,FF_ORACLE,FF_ORACLE_m2_lr0.01,3,10,10,1244,101244,201244,0fb74df0bd2f88ad4f28fa6044d6367e61832782da47f85ebf92624beafc27a2,281,,,2.0,,,,,,0.0,0.0,0.01,200,40000,200,10000,1.8699552712286512e-06,4.6986606538755575e-06,5.4422212997451425e-05,5.4421274398919195e-05,3.0668270587921143,12.372575044631958,1106,True,0,CONVERGENCE: RELATIVE REDUCTION OF F <= FACTR*EPSMCH,1106,1198,3.10.18,2.10.0,1.15.3,1.26.0,arm64,0.007488856227975546,0.00597334053600207,0.022613525390625,0.5289177081953196,0.42622676119208336,1.470794677734375,0.4598777477089517,0.3583957813680172,1.46405029296875,44.72077166387998,35.84429740905762,113.8671875,36.19183882296802,27.538378953933716,107.306640625
helmholtz2d,major1_confirm,FF_ORACLE,FF_ORACLE_m2_lr0.01,3,10,11,1245,101245,201245,6c909b202f01334e613d04b74d41a114be0217af8040016bae2c0f3de9acc3d6,281,,,2.0,,,,,,0.0,0.0,0.01,200,40000,200,10000,2.26651825109395e-06,5.697323901027097e-06,0.00013605762796942145,0.00013605703134089708,3.0898568630218506,18.90043020248413,1699,True,0,CONVERGENCE: RELATIVE REDUCTION OF F <= FACTR*EPSMCH,1699,1786,3.10.18,2.10.0,1.15.3,1.26.0,arm64,0.011528350353731981,0.009368943166919053,0.03433036804199219,0.7049029653135875,0.5779207050800323,1.91241455078125,0.6528861509158181,0.5272931903600693,2.0452880859375,48.15524079034567,39.89401435852051,122.6962890625,42.585325867580806,34.27751159667969,143.201171875
helmholtz2d,major1_confirm,FF_ORACLE,FF_ORACLE_m2_lr0.01,3,10,12,1246,101246,201246,7b83f0057d18869ea06d4504b6fd4bc4aaf7ac20e82e926a191ce9e4f079eab9,281,,,2.0,,,,,,0.0,0.0,0.01,200,40000,200,10000,2.3643601795147405e-06,5.936175461941103e-06,0.00014948582975193858,0.00014948520401958376,3.015733003616333,19.357764720916748,1683,True,0,CONVERGENCE: RELATIVE REDUCTION OF F <= FACTR*EPSMCH,1683,1773,3.10.18,2.10.0,1.15.3,1.26.0,arm64,0.012330999470269763,0.009907009196467698,0.041473388671875,0.8031703665273364,0.6398598477244377,2.62335205078125,0.6113671969764186,0.4939100332558155,1.9361572265625,61.70582291439738,47.52981758117676,195.708984375,42.155602814250116,33.28919267654419,134.09765625
helmholtz2d,major1_confirm,FF_ORACLE,FF_ORACLE_m2_lr0.01,3,10,13,1247,101247,201247,e073d1b3f95374617ba10f0de47aee81d7469b5bc9e8fbc3d39738dec55f96ff,281,,,2.0,,,,,,0.0,0.0,0.01,200,40000,200,10000,1.3569055866720525e-06,3.461047419578803e-06,3.897603164659813e-05,3.8976839277893305e-05,3.1595890522003174,22.803030014038086,2026,True,0,CONVERGENCE: RELATIVE REDUCTION OF F <= FACTR*EPSMCH,2026,2121,3.10.18,2.10.0,1.15.3,1.26.0,arm64,0.00644020746131609,0.005057326168753207,0.021739959716796875,0.41913573287995676,0.33565735444426537,1.21185302734375,0.3465454002664433,0.27644575387239456,1.167724609375,33.714963458178744,27.207762479782104,98.869140625,25.728255636994877,20.67162036895752,85.3662109375
helmholtz2d,major1_confirm,FF_ORACLE,FF_ORACLE_m2_lr0.01,3,10,14,1248,101248,201248,e8d15ee310a129e8292139a604196cba36aa295bee8a52e3a38c89f79bfa94be,281,,,2.0,,,,,,0.0,0.0,0.01,200,40000,200,10000,1.581932719947302e-06,4.193899367231212e-06,5.278695243760012e-05,5.278748722048476e-05,3.0799670219421387,26.656039237976074,2344,True,0,CONVERGENCE: RELATIVE REDUCTION OF F <= FACTR*EPSMCH,2344,2475,3.10.18,2.10.0,1.15.3,1.26.0,arm64,0.007358347736445726,0.00591310573508963,0.0238189697265625,0.5231161234101405,0.43358559161424637,1.5322265625,0.481958997340979,0.3882446698844433,1.429443359375,43.92837086630659,36.49180603027344,124.26953125,38.91406936201255,31.541680097579956,111.796875
helmholtz2d,major1_confirm,FF_ORACLE,FF_ORACLE_m2_lr0.01,3,10,15,1249,101249,201249,88dcfbd6a03e399ca9655f79269b8582235f702d946f2aa4b9d5e6c2a6fb0831,281,,,2.0,,,,,,0.0,0.0,0.01,200,40000,200,10000,6.695973953993631e-07,1.6708996207802057e-06,1.0300371286575682e-05,1.029982649924932e-05,3.1730501651763916,28.786747932434082,2539,True,0,CONVERGENCE: RELATIVE REDUCTION OF F <= FACTR*EPSMCH,2539,2693,3.10.18,2.10.0,1.15.3,1.26.0,arm64,0.0032021933767771168,0.0025479535979684442,0.0114898681640625,0.19780084264901085,0.1541803702712059,0.6551513671875,0.20638115498579385,0.16486636735498905,0.6595306396484375,15.986339877152828,12.131507873535156,50.68359375,15.997064559597357,12.627453088760376,49.5546875
helmholtz2d,major1_confirm,FF_ORACLE,FF_ORACLE_m2_lr0.01,3,10,16,1250,101250,201250,4e288d32d0769cd961971cda4eeb15aa361c9e9f094bde2ff924238e22aaf387,281,,,2.0,,,,,,0.0,0.0,0.01,200,40000,200,10000,1.7517010404007765e-06,4.384342606744496e-06,6.819985719630495e-05,6.819797272328287e-05,3.1621556282043457,17.10657835006714,1530,True,0,CONVERGENCE: RELATIVE REDUCTION OF F <= FACTR*EPSMCH,1530,1611,3.10.18,2.10.0,1.15.3,1.26.0,arm64,0.00830805213319365,0.006670447357464582,0.026475906372070312,0.4954005226358114,0.4011937342584133,1.45068359375,0.41446056664893155,0.32963475212454796,1.3875732421875,37.91422489114976,30.681044816970825,113.140625,28.150649653742175,22.222240924835205,98.622314453125
helmholtz2d,major1_confirm,FF_ORACLE,FF_ORACLE_m2_lr0.01,3,10,17,1251,101251,201251,4436e43d0db65656c1980747481e84488f5e71c8f0961d65afdd705d5f7fda4a,281,,,2.0,,,,,,0.0,0.0,0.01,200,40000,200,10000,1.623066609832964e-06,4.118341475103446e-06,4.864883885602467e-05,4.864751826971769e-05,3.1498188972473145,22.112265825271606,1970,True,0,CONVERGENCE: RELATIVE REDUCTION OF F <= FACTR*EPSMCH,1970,2080,3.10.18,2.10.0,1.15.3,1.26.0,arm64,0.0070605318752546805,0.005770018789917231,0.02020263671875,0.4435509255307238,0.36318355053663254,1.49871826171875,0.42328489666378644,0.3394067697227001,1.2528076171875,35.67532830518336,29.60974144935608,110.546875,33.19002590876089,26.318862676620483,101.34765625
helmholtz2d,major1_confirm,FF_ORACLE,FF_ORACLE_m2_lr0.01,3,10,18,1252,101252,201252,9b631f7ae65ead03483252b5468db4041312e681781777fe4cdbab46b853c036,281,,,2.0,,,,,,0.0,0.0,0.01,200,40000,200,10000,6.898675079988977e-07,1.7720839520699162e-06,1.6340180081897415e-05,1.6340221918653697e-05,3.193143129348755,24.64175319671631,2196,True,0,CONVERGENCE: RELATIVE REDUCTION OF F <= FACTR*EPSMCH,2196,2336,3.10.18,2.10.0,1.15.3,1.26.0,arm64,0.004052075729426723,0.0032574976794421673,0.012022018432617188,0.2921940000851416,0.2400932628661394,0.8382568359375,0.2518879257164831,0.2077027540653944,0.66943359375,24.000157514691033,19.802932500839233,66.96484375,19.774922544614626,16.64068353176117,51.6806640625
helmholtz2d,major1_confirm,FF_ORACLE,FF_ORACLE_m2_lr0.01,3,10,19,1253,101253,201253,2e00166dc02649b405f475b0e68228b61ca1a56e8ff55eb5f4499e6ddaca7978,281,,,2.0,,,,,,0.0,0.0,0.01,200,40000,200,10000,1.1374623456569795e-06,2.8671644574471982e-06,4.741089651361108e-05,4.740806980407797e-05,3.1570451259613037,14.656684875488281,1320,True,0,CONVERGENCE: RELATIVE REDUCTION OF F <= FACTR*EPSMCH,1320,1407,3.10.18,2.10.0,1.15.3,1.26.0,arm64,0.00689130709678037,0.005528117122594267,0.0221710205078125,0.42329874686193764,0.3463235907256603,1.247314453125,0.4815823744844466,0.38932349160313606,1.53173828125,31.974004557894553,26.370679140090942,94.2666015625,39.64771146964568,31.599735736846924,122.30731201171875
helmholtz2d,major1_confirm,LPA,LPA_P6_N30_lr0.001,3,10,10,1244,101244,201244,0fb74df0bd2f88ad4f28fa6044d6367e61832782da47f85ebf92624beafc27a2,291,6.0,30.0,,,,,,,0.0,0.0,0.001,200,40000,200,10000,0.012286670638615013,0.03030290164882057,0.4631613790988922,0.4631587564945221,7.639672040939331,177.53511476516724,6023,True,0,CONVERGENCE: RELATIVE REDUCTION OF F <= FACTR*EPSMCH,6023,6527,3.10.18,2.10.0,1.15.3,1.26.0,arm64,0.6093247710825612,0.4540018327534199,6.034792900085449,19.83113131867827,11.71662187576294,276.6674499511719,18.594798544161463,11.86593234539032,190.83396911621094,569.0622700438854,318.77131271362305,5916.2060546875,529.4233504336345,320.2107810974121,5532.3232421875
helmholtz2d,major1_confirm,LPA,LPA_P6_N30_lr0.001,3,10,11,1245,101245,201245,6c909b202f01334e613d04b74d41a114be0217af8040016bae2c0f3de9acc3d6,291,6.0,30.0,,,,,,,0.0,0.0,0.001,200,40000,200,10000,0.008400431882512218,0.02040130425684305,0.25164926052093506,0.25164926052093506,7.712078809738159,220.97160029411316,7076,True,0,CONVERGENCE: RELATIVE REDUCTION OF F <= FACTR*EPSMCH,7076,7656,3.10.18,2.10.0,1.15.3,1.26.0,arm64,0.47033982878711766,0.3588569536805153,3.0308756828308105,15.08624283073167,9.760719537734985,122.80816650390625,15.63222983369181,9.668923616409302,119.7977294921875,481.5226135331029,294.8160095214844,2964.4365234375,453.0258167312322,284.05549240112305,2394.90673828125
helmholtz2d,major1_confirm,LPA,LPA_P6_N30_lr0.001,3,10,12,1246,101246,201246,7b83f0057d18869ea06d4504b6fd4bc4aaf7ac20e82e926a191ce9e4f079eab9,291,6.0,30.0,,,,,,,0.0,0.0,0.001,200,40000,200,10000,0.003997451816520221,0.009918479277746233,0.13173440098762512,0.13173486292362213,8.085337162017822,121.52992391586304,4032,True,0,CONVERGENCE: RELATIVE REDUCTION OF F <= FACTR*EPSMCH,4032,4256,3.10.18,2.10.0,1.15.3,1.26.0,arm64,0.3295694231842185,0.23945578187704086,3.622931480407715,11.130647061878895,6.524389982223511,171.94827270507812,12.530096785832953,6.8765586614608765,228.55714416503906,412.3242487809958,193.031343460083,5602.02197265625,445.6079579051944,214.9450168609619,6395.4130859375
helmholtz2d,major1_confirm,LPA,LPA_P6_N30_lr0.001,3,10,13,1247,101247,201247,e073d1b3f95374617ba10f0de47aee81d7469b5bc9e8fbc3d39738dec55f96ff,291,6.0,30.0,,,,,,,0.0,0.0,0.001,200,40000,200,10000,0.0266805516369805,0.06518496688790097,0.387323260307312,0.38732120394706726,8.20275092124939,394.9659221172333,12515,True,0,CONVERGENCE: RELATIVE REDUCTION OF F <= FACTR*EPSMCH,12515,13435,3.10.18,2.10.0,1.15.3,1.26.0,arm64,0.5914604974708008,0.45337459444999695,3.7878942489624023,22.24092808632574,12.856778025627136,205.20892333984375,21.928565050623885,15.888274669647217,193.989013671875,904.9187247689706,451.26863861083984,7601.87158203125,947.8173775838887,695.2639923095703,4370.51953125
helmholtz2d,major1_confirm,LPA,LPA_P6_N30_lr0.001,3,10,14,1248,101248,201248,e8d15ee310a129e8292139a604196cba36aa295bee8a52e3a38c89f79bfa94be,291,6.0,30.0,,,,,,,0.0,0.0,0.001,200,40000,200,10000,0.01366875584274145,0.033593223627411045,0.13835559785366058,0.13835576176643372,8.241462707519531,314.9297752380371,10096,True,0,CONVERGENCE: RELATIVE REDUCTION OF F <= FACTR*EPSMCH,10096,10860,3.10.18,2.10.0,1.15.3,1.26.0,arm64,0.35142789224068943,0.25864990055561066,3.071877956390381,16.852199777606494,9.047001719474792,212.439697265625,10.057078968540297,6.095793306827545,163.2701416015625,747.570361445998,351.2193183898926,7207.54931640625,379.7739523490421,182.8705825805664,5828.94970703125
helmholtz2d,major1_confirm,LPA,LPA_P6_N30_lr0.001,3,10,15,1249,101249,201249,88dcfbd6a03e399ca9655f79269b8582235f702d946f2aa4b9d5e6c2a6fb0831,291,6.0,30.0,,,,,,,0.0,0.0,0.001,200,40000,200,10000,0.015984463960254932,0.039711237459480714,1.4540573358535767,1.4540565013885498,8.25723910331726,131.2607340812683,4170,True,0,CONVERGENCE: RELATIVE REDUCTION OF F <= FACTR*EPSMCH,4170,4513,3.10.18,2.10.0,1.15.3,1.26.0,arm64,1.0787455251916964,0.770891435444355,12.011338233947754,41.37546873259319,22.042659044265747,531.6048583984375,32.53258969702565,19.424089431762695,479.4671936035156,1361.5633477734336,693.6613922119141,9730.359375,937.8643417027326,512.8470420837402,10342.4755859375
helmholtz2d,major1_confirm,LPA,LPA_P6_N30_lr0.001,3,10,16,1250,101250,201250,4e288d32d0769cd961971cda4eeb15aa361c9e9f094bde2ff924238e22aaf387,291,6.0,30.0,,,,,,,0.0,0.0,0.001,200,40000,200,10000,0.013877278817936432,0.03508354860693907,0.2666052579879761,0.26660478115081787,8.151796340942383,284.5311939716339,9354,True,0,CONVERGENCE: RELATIVE REDUCTION OF F <= FACTR*EPSMCH,9354,10041,3.10.18,2.10.0,1.15.3,1.26.0,arm64,0.47021847423447266,0.3257807604968548,4.142406940460205,19.306748604749888,10.942145824432373,236.0736083984375,21.225671731947898,11.234662652015686,214.45916748046875,925.369520786156,460.39570236206055,9745.673828125,895.8992645311748,436.132625579834,8145.6796875
helmholtz2d,major1_confirm,LPA,LPA_P6_N30_lr0.001,3,10,17,1251,101251,201251,4436e43d0db65656c1980747481e84488f5e71c8f0961d65afdd705d5f7fda4a,291,6.0,30.0,,,,,,,0.0,0.0,0.001,200,40000,200,10000,0.008292717577004836,0.020247173593677184,0.706977367401123,0.7069783806800842,8.164428949356079,316.4131259918213,10489,True,0,CONVERGENCE: RELATIVE REDUCTION OF F <= FACTR*EPSMCH,10489,11176,3.10.18,2.10.0,1.15.3,1.26.0,arm64,0.7974500030806867,0.6005684211850166,7.561244487762451,29.727794406142987,17.14791226387024,342.8530578613281,29.441469479665418,19.836755990982056,399.641357421875,1164.2640177919268,586.7132263183594,10579.4580078125,1085.7065096056117,740.9538116455078,10201.5400390625
helmholtz2d,major1_confirm,LPA,LPA_P6_N30_lr0.001,3,10,18,1252,101252,201252,9b631f7ae65ead03483252b5468db4041312e681781777fe4cdbab46b853c036,291,6.0,30.0,,,,,,,0.0,0.0,0.001,200,40000,200,10000,0.003963962895537852,0.009747936577213732,0.1380389928817749,0.1380394548177719,8.19940996170044,118.04837489128113,3888,True,0,CONVERGENCE: RELATIVE REDUCTION OF F <= FACTR*EPSMCH,3888,4120,3.10.18,2.10.0,1.15.3,1.26.0,arm64,0.3397613869536722,0.25751395896077156,3.342214584350586,10.829084521739569,6.558093249797821,208.2784423828125,12.268974983845872,7.050512075424194,198.7994384765625,363.1015926728531,185.99785041809082,5232.8271484375,406.77905454773605,199.381441116333,5358.06884765625
helmholtz2d,major1_confirm,LPA,LPA_P6_N30_lr0.001,3,10,19,1253,101253,201253,2e00166dc02649b405f475b0e68228b61ca1a56e8ff55eb5f4499e6ddaca7978,291,6.0,30.0,,,,,,,0.0,0.0,0.001,200,40000,200,10000,0.0031683344483082734,0.007915405381585314,0.0768619105219841,0.07686199247837067,8.250262975692749,153.70946502685547,5277,True,0,CONVERGENCE: RELATIVE REDUCTION OF F <= FACTR*EPSMCH,5277,5579,3.10.18,2.10.0,1.15.3,1.26.0,arm64,0.2644099158326659,0.1995384395122528,1.7099323272705078,7.981602017399775,5.372632145881653,121.41864013671875,8.169130903964309,5.2569133043289185,85.90411376953125,301.31239142551453,165.35326766967773,6873.76123046875,283.91195302472295,148.06462478637695,5657.5068359375
helmholtz2d,major1_confirm,NLAAF,NLAAF_n10_a0.1_sr0_lr0.001,3,10,10,1244,101244,201244,0fb74df0bd2f88ad4f28fa6044d6367e61832782da47f85ebf92624beafc27a2,291,,,,,,,10.0,0.1,0.0,0.5968387126922607,0.001,200,40000,200,10000,0.540419554544122,1.305147481207154,1353.562744140625,1353.562744140625,3.584176778793335,52.91985726356506,3679,True,0,CONVERGENCE: RELATIVE REDUCTION OF F <= FACTR*EPSMCH,3679,4143,3.10.18,2.10.0,1.15.3,1.26.0,arm64,30.874157604509406,25.463745594024658,107.05706787109375,561.4739739627296,442.6874580383301,2549.3310546875,537.038093679117,425.4466094970703,2116.26513671875,13726.447610361538,9762.728271484375,91227.4375,11528.567040183269,9109.896850585938,53645.4453125
helmholtz2d,major1_confirm,NLAAF,NLAAF_n10_a0.1_sr0_lr0.001,3,10,11,1245,101245,201245,6c909b202f01334e613d04b74d41a114be0217af8040016bae2c0f3de9acc3d6,291,,,,,,,10.0,0.1,0.0,0.7375985980033875,0.001,200,40000,200,10000,0.6596201549396412,1.6285817989945794,202.8542938232422,202.85427856445312,3.4963600635528564,135.06808996200562,9976,True,0,CONVERGENCE: RELATIVE REDUCTION OF F <= FACTR*EPSMCH,9976,10734,3.10.18,2.10.0,1.15.3,1.26.0,arm64,11.550129144119975,9.32693362236023,49.1297607421875,288.80640851885977,223.80921363830566,2095.349853515625,250.26258963243237,203.3584976196289,1128.0111083984375,7619.133218417958,5909.826232910156,44610.5546875,6834.102391682466,5476.760070800781,24692.232421875
helmholtz2d,major1_confirm,NLAAF,NLAAF_n10_a0.1_sr0_lr0.001,3,10,12,1246,101246,201246,7b83f0057d18869ea06d4504b6fd4bc4aaf7ac20e82e926a191ce9e4f079eab9,291,,,,,,,10.0,0.1,0.0,0.7242482304573059,0.001,200,40000,200,10000,0.4202148302470556,1.0425071111366775,2979.30322265625,2979.30322265625,3.4890148639678955,22.698172092437744,1591,True,0,CONVERGENCE: RELATIVE REDUCTION OF F <= FACTR*EPSMCH,1591,1822,3.10.18,2.10.0,1.15.3,1.26.0,arm64,54.643223426652625,48.47402238845825,104.12454986572266,742.834160390965,648.8764266967773,1911.3779296875,744.589253380681,648.8193664550781,1888.682861328125,11128.442882991312,9264.005737304688,33490.86328125,11226.43679000599,9290.020385742188,34652.9296875
helmholtz2d,major1_confirm,NLAAF,NLAAF_n10_a0.1_sr0_lr0.001,3,10,13,1247,101247,201247,e073d1b3f95374617ba10f0de47aee81d7469b5bc9e8fbc3d39738dec55f96ff,291,,,,,,,10.0,0.1,0.0,0.6297742128372192,0.001,200,40000,200,10000,0.4430251644832453,1.1080033161837501,2452.1806640625,2452.1806640625,3.2597219944000244,61.683708906173706,4574,True,0,CONVERGENCE: RELATIVE REDUCTION OF F <= FACTR*EPSMCH,4574,4925,3.10.18,2.10.0,1.15.3,1.26.0,arm64,48.71537325683479,41.842881202697754,103.77082824707031,743.4878371987668,627.4835891723633,3416.504150390625,738.1777023945522,625.1777420043945,3769.367919921875,13680.395315925633,10591.620727539062,76576.3203125,13635.751684450695,10553.327880859375,99146.5859375
helmholtz2d,major1_confirm,NLAAF,NLAAF_n10_a0.1_sr0_lr0.001,3,10,14,1248,101248,201248,e8d15ee310a129e8292139a604196cba36aa295bee8a52e3a38c89f79bfa94be,291,,,,,,,10.0,0.1,0.0,0.7020899653434753,0.001,200,40000,200,10000,0.8900524327233268,2.1834304794731305,525.2313842773438,525.2313842773438,3.41652774810791,102.47624397277832,7432,True,0,CONVERGENCE: RELATIVE REDUCTION OF F <= FACTR*EPSMCH,7432,8266,3.10.18,2.10.0,1.15.3,1.26.0,arm64,20.349569446404825,14.919482350349426,93.7308578491211,417.03906067058034,305.64382553100586,2047.751220703125,421.4977086051299,314.56384658813477,2319.4404296875,10435.003641590165,7946.9066162109375,47803.78515625,10240.651932372275,7741.949523925781,55718.03125
helmholtz2d,major1_confirm,NLAAF,NLAAF_n10_a0.1_sr0_lr0.001,3,10,15,1249,101249,201249,88dcfbd6a03e399ca9655f79269b8582235f702d946f2aa4b9d5e6c2a6fb0831,291,,,,,,,10.0,0.1,0.0,0.6169736981391907,0.001,200,40000,200,10000,0.5963389624854415,1.4766718124412512,2081.807373046875,2081.80712890625,3.3564867973327637,41.55358695983887,3033,True,0,CONVERGENCE: RELATIVE REDUCTION OF F <= FACTR*EPSMCH,3033,3363,3.10.18,2.10.0,1.15.3,1.26.0,arm64,43.71605267769209,36.53740072250366,102.74235534667969,704.2104676959154,578.05322265625,2021.483642578125,709.3653936574225,570.5425109863281,4307.0478515625,14137.064405314139,11133.281372070312,59139.64453125,15200.979310557594,11252.266357421875,121681.3671875
helmholtz2d,major1_confirm,NLAAF,NLAAF_n10_a0.1_sr0_lr0.001,3,10,16,1250,101250,201250,4e288d32d0769cd961971cda4eeb15aa361c9e9f094bde2ff924238e22aaf387,291,,,,,,,10.0,0.1,0.0,0.8290682435035706,0.001,200,40000,200,10000,0.662590243917815,1.7061779177121985,394.6609191894531,394.6609191894531,3.1349611282348633,168.61035084724426,12105,True,0,CONVERGENCE: RELATIVE REDUCTION OF F <= FACTR*EPSMCH,12105,13578,3.10.18,2.10.0,1.15.3,1.26.0,arm64,16.693402221667547,13.120723128318787,94.91487121582031,381.52828726632447,285.54457092285156,2843.71923828125,354.5583479066774,272.7483901977539,2329.26025390625,11484.967392204473,8219.336059570312,108616.7734375,10428.376767263446,7954.0030517578125,60440.53125
helmholtz2d,major1_confirm,NLAAF,NLAAF_n10_a0.1_sr0_lr0.001,3,10,17,1251,101251,201251,4436e43d0db65656c1980747481e84488f5e71c8f0961d65afdd705d5f7fda4a,291,,,,,,,10.0,0.1,0.0,0.7807938456535339,0.001,200,40000,200,10000,0.43388443149220174,1.0801443979996654,91.75116729736328,91.75117492675781,3.2728230953216553,160.95560598373413,11450,True,0,CONVERGENCE: RELATIVE REDUCTION OF F <= FACTR*EPSMCH,11450,12936,3.10.18,2.10.0,1.15.3,1.26.0,arm64,6.838214569132776,5.292970538139343,37.112327575683594,195.67257308926818,132.09696769714355,1572.4796142578125,198.3166832012312,129.6381950378418,2875.1962890625,5984.856493684707,3972.714141845703,48200.8359375,8518.018138041267,4358.960510253906,130684.5234375
helmholtz2d,major1_confirm,NLAAF,NLAAF_n10_a0.1_sr0_lr0.001,3,10,18,1252,101252,201252,9b631f7ae65ead03483252b5468db4041312e681781777fe4cdbab46b853c036,291,,,,,,,10.0,0.1,0.0,0.7870610952377319,0.001,200,40000,200,10000,0.5478450567167261,1.3278189676266727,3133.02587890625,3133.025634765625,3.411271810531616,30.648804187774658,2092,True,0,CONVERGENCE: RELATIVE REDUCTION OF F <= FACTR*EPSMCH,2092,2460,3.10.18,2.10.0,1.15.3,1.26.0,arm64,54.65726033362571,47.5859489440918,125.66304016113281,791.6668530701535,673.6050033569336,3006.50732421875,778.4778918665578,661.3957824707031,2697.6884765625,12461.655989474271,10134.27880859375,37028.6640625,13316.740817482332,10729.128051757812,53611.97265625
helmholtz2d,major1_confirm,NLAAF,NLAAF_n10_a0.1_sr0_lr0.001,3,10,19,1253,101253,201253,2e00166dc02649b405f475b0e68228b61ca1a56e8ff55eb5f4499e6ddaca7978,291,,,,,,,10.0,0.1,0.0,0.7104604244232178,0.001,200,40000,200,10000,0.4749744030504123,1.2166895619337257,127.34700012207031,127.34700012207031,3.342237949371338,113.93826818466187,8293,True,0,CONVERGENCE: RELATIVE REDUCTION OF F <= FACTR*EPSMCH,8293,9206,3.10.18,2.10.0,1.15.3,1.26.0,arm64,8.924213430327438,6.479893326759338,47.89728546142578,226.40764211959862,158.20356941223145,1827.6436767578125,203.5486063726549,145.57639694213867,2472.3310546875,6590.9574418289185,4452.758605957031,48311.98046875,6187.296097650411,4177.863189697266,78821.6484375
helmholtz2d,major1_confirm,SIREN,SIREN_w30_hw30_lr0.001,3,10,10,1244,101244,201244,0fb74df0bd2f88ad4f28fa6044d6367e61832782da47f85ebf92624beafc27a2,261,,,,,30.0,30.0,,,0.0,0.0,0.001,200,40000,200,10000,0.0003509315275089464,0.0008918320115118151,0.04817670211195946,0.04817647859454155,2.9265429973602295,30.073084115982056,2655,True,0,CONVERGENCE: RELATIVE REDUCTION OF F <= FACTR*EPSMCH,2655,2780,3.10.18,2.10.0,1.15.3,1.26.0,arm64,0.219309139058268,0.17751119658350945,0.675537109375,10.784280721406532,8.910590052604675,36.70184326171875,14.009280126294229,11.50354528427124,40.50030517578125,647.8028249398114,534.6208915710449,2118.07421875,1009.4316470172708,815.8747863769531,2942.39306640625
helmholtz2d,major1_confirm,SIREN,SIREN_w30_hw30_lr0.001,3,10,11,1245,101245,201245,6c909b202f01334e613d04b74d41a114be0217af8040016bae2c0f3de9acc3d6,261,,,,,30.0,30.0,,,0.0,0.0,0.001,200,40000,200,10000,0.00012916520084637608,0.00033676856143508477,0.03950473666191101,0.03950461745262146,2.9564998149871826,52.49620509147644,4528,True,0,CONVERGENCE: RELATIVE REDUCTION OF F <= FACTR*EPSMCH,4528,4806,3.10.18,2.10.0,1.15.3,1.26.0,arm64,0.19981630199269243,0.15300477109849453,0.799896240234375,9.722050685883065,7.31336522102356,39.0924072265625,12.5516928879832,10.241744995117188,38.872955322265625,561.5090298695116,418.7702293395996,2133.548828125,1107.709898281134,903.4736175537109,3957.390625
helmholtz2d,major1_confirm,SIREN,SIREN_w30_hw30_lr0.001,3,10,12,1246,101246,201246,7b83f0057d18869ea06d4504b6fd4bc4aaf7ac20e82e926a191ce9e4f079eab9,261,,,,,30.0,30.0,,,0.0,0.0,0.001,200,40000,200,10000,5.5168867518384316e-05,0.00013703720489373998,0.004046285524964333,0.0040462687611579895,2.9365081787109375,50.781134843826294,4289,True,0,CONVERGENCE: RELATIVE REDUCTION OF F <= FACTR*EPSMCH,4289,4607,3.10.18,2.10.0,1.15.3,1.26.0,arm64,0.06499284216695175,0.049084455240517855,0.351287841796875,3.584690417352646,2.7802433371543884,17.15411376953125,3.517052983508299,2.7167378067970276,16.1341552734375,244.2002862102259,189.7808837890625,1133.869140625,241.47905657763573,190.39498710632324,1171.333984375
helmholtz2d,major1_confirm,SIREN,SIREN_w30_hw30_lr0.001,3,10,13,1247,101247,201247,e073d1b3f95374617ba10f0de47aee81d7469b5bc9e8fbc3d39738dec55f96ff,261,,,,,30.0,30.0,,,0.0,0.0,0.001,200,40000,200,10000,0.0001702585766523112,0.0004456626331343575,0.021715855225920677,0.021715791895985603,2.871669054031372,38.6522581577301,3272,True,0,CONVERGENCE: RELATIVE REDUCTION OF F <= FACTR*EPSMCH,3272,3562,3.10.18,2.10.0,1.15.3,1.26.0,arm64,0.15146699199222963,0.11837774608284235,0.57940673828125,6.9304497438285635,5.441245019435883,31.74542236328125,6.547766067208436,5.379960238933563,23.4512939453125,369.6642215832498,289.57772064208984,1441.59375,332.63877948487533,272.16097259521484,1141.591796875
helmholtz2d,major1_confirm,SIREN,SIREN_w30_hw30_lr0.001,3,10,14,1248,101248,201248,e8d15ee310a129e8292139a604196cba36aa295bee8a52e3a38c89f79bfa94be,261,,,,,30.0,30.0,,,0.0,0.0,0.001,200,40000,200,10000,0.29530156164492344,0.6633199901412866,62.5538330078125,62.55381774902344,2.873610019683838,29.00892996788025,2457,True,0,CONVERGENCE: RELATIVE REDUCTION OF F <= FACTR*EPSMCH,2457,2592,3.10.18,2.10.0,1.15.3,1.26.0,arm64,2.5998790437733037,2.137721508741379,11.183606147766113,46.39472907810185,35.48292112350464,292.6226806640625,48.995297264663414,39.020283222198486,246.070556640625,1497.1548433612336,1154.680648803711,8702.275390625,1642.6701205659035,1306.81640625,7798.599609375
helmholtz2d,major1_confirm,SIREN,SIREN_w30_hw30_lr0.001,3,10,15,1249,101249,201249,88dcfbd6a03e399ca9655f79269b8582235f702d946f2aa4b9d5e6c2a6fb0831,261,,,,,30.0,30.0,,,0.0,0.0,0.001,200,40000,200,10000,2.655287750928391e-06,7.0793416042943e-06,0.00016939817578531802,0.00016939507622737437,2.99585223197937,28.620585918426514,2508,True,0,CONVERGENCE: RELATIVE REDUCTION OF F <= FACTR*EPSMCH,2508,2616,3.10.18,2.10.0,1.15.3,1.26.0,arm64,0.013576731381202054,0.010002285824157298,0.08355712890625,1.3489320272534295,0.897935226559639,7.8446807861328125,1.3012768485774273,0.8745210617780685,7.7735748291015625,178.9177568624845,107.77916145324707,1040.88671875,183.56916457726157,109.66188144683838,1020.162109375
helmholtz2d,major1_confirm,SIREN,SIREN_w30_hw30_lr0.001,3,10,16,1250,101250,201250,4e288d32d0769cd961971cda4eeb15aa361c9e9f094bde2ff924238e22aaf387,261,,,,,30.0,30.0,,,0.0,0.0,0.001,200,40000,200,10000,2.4711025014184952e-05,5.767135624802929e-05,0.0009329355088993907,0.0009329411550424993,3.0283279418945312,70.90989685058594,6068,True,0,CONVERGENCE: RELATIVE REDUCTION OF F <= FACTR*EPSMCH,6068,6426,3.10.18,2.10.0,1.15.3,1.26.0,arm64,0.031097421819256735,0.023769355146214366,0.15008544921875,1.6648965545256857,1.3088838458061218,6.71746826171875,2.4478578452219364,1.820427656173706,11.20172119140625,140.11899152901927,110.44890308380127,594.521484375,205.94010335987258,148.7158908843994,965.734375
helmholtz2d,major1_confirm,SIREN,SIREN_w30_hw30_lr0.001,3,10,17,1251,101251,201251,4436e43d0db65656c1980747481e84488f5e71c8f0961d65afdd705d5f7fda4a,261,,,,,30.0,30.0,,,0.0,0.0,0.001,200,40000,200,10000,4.7040163541691816e-05,0.00012139885198196723,0.007805808447301388,0.007805832661688328,2.514714241027832,18.649677991867065,1557,True,0,CONVERGENCE: RELATIVE REDUCTION OF F <= FACTR*EPSMCH,1557,1660,3.10.18,2.10.0,1.15.3,1.26.0,arm64,0.09093927467718502,0.07099148351699114,0.431915283203125,5.345488505293926,4.196244031190872,24.80096435546875,5.307592503859634,4.1113715171813965,25.14532470703125,391.2507862412228,295.9990539550781,1884.44921875,404.00964706535785,302.67604064941406,1882.4921875
helmholtz2d,major1_confirm,SIREN,SIREN_w30_hw30_lr0.001,3,10,18,1252,101252,201252,9b631f7ae65ead03483252b5468db4041312e681781777fe4cdbab46b853c036,261,,,,,30.0,30.0,,,0.0,0.0,0.001,200,40000,200,10000,0.0003348630113296788,0.0008432857437078275,0.08935502171516418,0.08935511112213135,2.848327875137329,87.56166195869446,7524,True,0,CONVERGENCE: RELATIVE REDUCTION OF F <= FACTR*EPSMCH,7524,7929,3.10.18,2.10.0,1.15.3,1.26.0,arm64,0.30395385098496874,0.2507820725440979,1.06878662109375,11.316222489918852,9.288018941879272,53.6796875,12.57575266957405,10.149835348129272,55.02197265625,495.8105284058871,390.6777801513672,2812.00390625,610.9251597219171,460.95520401000977,3460.57421875
helmholtz2d,major1_confirm,SIREN,SIREN_w30_hw30_lr0.001,3,10,19,1253,101253,201253,2e00166dc02649b405f475b0e68228b61ca1a56e8ff55eb5f4499e6ddaca7978,261,,,,,30.0,30.0,,,0.0,0.0,0.001,200,40000,200,10000,0.00017173914009692415,0.0006189502216775613,0.020226800814270973,0.02022659406065941,3.02425217628479,42.21329379081726,3578,True,0,CONVERGENCE: RELATIVE REDUCTION OF F <= FACTR*EPSMCH,3578,3799,3.10.18,2.10.0,1.15.3,1.26.0,arm64,0.14270731302071218,0.11205580271780491,1.0270063877105713,7.498761265500307,5.967481017112732,27.27825927734375,10.207184245513686,7.112077713012695,112.17276000976562,465.0317130482877,372.2925720214844,1713.029296875,733.654476320427,487.5729789733887,5971.34765625
helmholtz2d,major1_confirm,TANH,TANH_lr0.003,3,10,10,1244,101244,201244,0fb74df0bd2f88ad4f28fa6044d6367e61832782da47f85ebf92624beafc27a2,261,,,,,,,,,0.0,0.0,0.003,200,40000,200,10000,0.21947966403664745,0.5450036675947464,50.3714485168457,50.3714485168457,2.529665946960449,91.26564407348633,9232,True,0,CONVERGENCE: RELATIVE REDUCTION OF F <= FACTR*EPSMCH,9232,10143,3.10.18,2.10.0,1.15.3,1.26.0,arm64,5.813034115113562,4.640682876110077,27.84454917907715,130.08729275125822,97.95223426818848,940.68310546875,168.25071029173063,119.22761154174805,1882.1761474609375,3919.351620485205,2759.604949951172,23728.2265625,5363.203986424533,3306.7586975097656,119346.2734375
helmholtz2d,major1_confirm,TANH,TANH_lr0.003,3,10,11,1245,101245,201245,6c909b202f01334e613d04b74d41a114be0217af8040016bae2c0f3de9acc3d6,261,,,,,,,,,0.0,0.0,0.003,200,40000,200,10000,0.6660823486924986,1.628967755216179,235.52862548828125,235.5286407470703,2.506696939468384,76.76910901069641,7796,True,0,CONVERGENCE: RELATIVE REDUCTION OF F <= FACTR*EPSMCH,7796,8583,3.10.18,2.10.0,1.15.3,1.26.0,arm64,13.793196432934769,10.923988819122314,59.685482025146484,258.0919839281506,206.92334175109863,1240.593994140625,277.7562478201435,220.53926467895508,1845.544921875,5713.164403375768,4690.8443603515625,18764.83984375,6584.551085685341,5159.5662841796875,99565.0234375
helmholtz2d,major1_confirm,TANH,TANH_lr0.003,3,10,12,1246,101246,201246,7b83f0057d18869ea06d4504b6fd4bc4aaf7ac20e82e926a191ce9e4f079eab9,261,,,,,,,,,0.0,0.0,0.003,200,40000,200,10000,0.6514818095459814,1.5666241145227953,78.67903137207031,78.67903137207031,2.49991512298584,52.19221806526184,5309,True,0,CONVERGENCE: RELATIVE REDUCTION OF F <= FACTR*EPSMCH,5309,5835,3.10.18,2.10.0,1.15.3,1.26.0,arm64,6.188825869833893,4.33216118812561,32.81770706176758,141.8210929731871,96.05560398101807,843.252685546875,134.1205266684713,93.50897789001465,865.5606079101562,3812.5000163934424,2798.802490234375,21022.068359375,3874.0746959758017,2821.403778076172,23023.28515625
helmholtz2d,major1_confirm,TANH,TANH_lr0.003,3,10,13,1247,101247,201247,e073d1b3f95374617ba10f0de47aee81d7469b5bc9e8fbc3d39738dec55f96ff,261,,,,,,,,,0.0,0.0,0.003,200,40000,200,10000,0.32653879051163687,0.791190781563441,69.50267791748047,69.50267791748047,2.545034170150757,126.84088182449341,12789,True,0,CONVERGENCE: RELATIVE REDUCTION OF F <= FACTR*EPSMCH,12789,13885,3.10.18,2.10.0,1.15.3,1.26.0,arm64,7.029916085763904,5.38628762960434,41.35604476928711,184.3974694994823,128.01530647277832,1649.2894287109375,214.7814852955935,129.09364795684814,2942.398681640625,5369.4061589714,3405.0997009277344,60552.171875,7805.330037865151,3842.031768798828,100702.625
helmholtz2d,major1_confirm,TANH,TANH_lr0.003,3,10,14,1248,101248,201248,e8d15ee310a129e8292139a604196cba36aa295bee8a52e3a38c89f79bfa94be,261,,,,,,,,,0.0,0.0,0.003,200,40000,200,10000,0.3358371090319359,0.8601999950932199,81.82504272460938,81.82503509521484,2.363171100616455,53.44136881828308,5450,True,0,CONVERGENCE: RELATIVE REDUCTION OF F <= FACTR*EPSMCH,5450,5869,3.10.18,2.10.0,1.15.3,1.26.0,arm64,7.416639903016681,5.456876635551453,46.18959045410156,190.36564836683377,124.29957580566406,1637.740966796875,162.93207056666475,109.0109281539917,1125.316162109375,4838.719355366666,3296.1665649414062,28625.642578125,4249.618350511019,2792.622100830078,24985.4765625
helmholtz2d,major1_confirm,TANH,TANH_lr0.003,3,10,15,1249,101249,201249,88dcfbd6a03e399ca9655f79269b8582235f702d946f2aa4b9d5e6c2a6fb0831,261,,,,,,,,,0.0,0.0,0.003,200,40000,200,10000,0.15050203768229276,0.3709838876277957,7.452243804931641,7.452243328094482,2.5134098529815674,139.82203125953674,14313,True,0,CONVERGENCE: RELATIVE REDUCTION OF F <= FACTR*EPSMCH,14313,15366,3.10.18,2.10.0,1.15.3,1.26.0,arm64,2.3599153493594693,1.7564366608858109,18.601299285888672,71.84311580502491,47.297701358795166,665.0219116210938,59.643949876210726,39.116257190704346,939.0639038085938,2008.2042973761409,1321.1205139160156,16071.732421875,1757.8054588747868,1127.9095153808594,19584.0
helmholtz2d,major1_confirm,TANH,TANH_lr0.003,3,10,16,1250,101250,201250,4e288d32d0769cd961971cda4eeb15aa361c9e9f094bde2ff924238e22aaf387,261,,,,,,,,,0.0,0.0,0.003,200,40000,200,10000,0.09197614917364486,0.23195156214682278,21.89540672302246,21.895408630371094,2.5310721397399902,100.01636695861816,10048,True,0,CONVERGENCE: RELATIVE REDUCTION OF F <= FACTR*EPSMCH,10048,10893,3.10.18,2.10.0,1.15.3,1.26.0,arm64,4.174571448163017,3.2767479717731476,20.43963623046875,120.9010694887172,79.93776321411133,1354.385986328125,110.30161120568599,79.67752742767334,704.41357421875,4079.071187169942,2344.9752807617188,50017.515625,3308.527674812469,2333.5975646972656,17657.48046875
helmholtz2d,major1_confirm,TANH,TANH_lr0.003,3,10,17,1251,101251,201251,4436e43d0db65656c1980747481e84488f5e71c8f0961d65afdd705d5f7fda4a,261,,,,,,,,,0.0,0.0,0.003,200,40000,200,10000,0.46125116241001834,1.1650030649334564,79.46179962158203,79.4617919921875,2.490946054458618,130.02481889724731,13214,True,0,CONVERGENCE: RELATIVE REDUCTION OF F <= FACTR*EPSMCH,13214,14400,3.10.18,2.10.0,1.15.3,1.26.0,arm64,7.443654118840435,5.799415647983551,60.03279495239258,171.99366855057303,122.96885299682617,1466.8895263671875,179.3177881322012,127.7226791381836,1507.41357421875,4761.413445606252,3233.9805908203125,60826.16015625,4869.850793402196,3322.6679077148438,57258.453125
helmholtz2d,major1_confirm,TANH,TANH_lr0.003,3,10,18,1252,101252,201252,9b631f7ae65ead03483252b5468db4041312e681781777fe4cdbab46b853c036,261,,,,,,,,,0.0,0.0,0.003,200,40000,200,10000,1.06026412747558,2.5551822004652203,173.11715698242188,173.11715698242188,2.530757188796997,124.52589583396912,12568,True,0,CONVERGENCE: RELATIVE REDUCTION OF F <= FACTR*EPSMCH,12568,13901,3.10.18,2.10.0,1.15.3,1.26.0,arm64,9.424933498562817,7.62509161233902,31.622047424316406,193.6021884510784,158.40659523010254,1184.556884765625,205.6290510619183,162.47789764404297,1482.1976318359375,5026.828224636287,4105.598327636719,27150.7890625,5584.843820555773,4276.7813720703125,35429.08984375
helmholtz2d,major1_confirm,TANH,TANH_lr0.003,3,10,19,1253,101253,201253,2e00166dc02649b405f475b0e68228b61ca1a56e8ff55eb5f4499e6ddaca7978,261,,,,,,,,,0.0,0.0,0.003,200,40000,200,10000,0.0533343972637073,0.1361845389296422,4.917651653289795,4.91765022277832,2.5277721881866455,83.14181876182556,8450,True,0,CONVERGENCE: RELATIVE REDUCTION OF F <= FACTR*EPSMCH,8450,9268,3.10.18,2.10.0,1.15.3,1.26.0,arm64,2.0390189593697907,1.561326503753662,9.844703674316406,58.525967564787265,39.86602735519409,679.000244140625,59.072804935596075,42.14201736450195,544.3350219726562,1880.0612440157367,1204.6268157958984,19305.263671875,1803.0290745714558,1251.233413696289,12591.9169921875
helmholtz2d,major1_confirm,TFF,TFF_m3_s1_lr0.001,3,10,10,1244,101244,201244,0fb74df0bd2f88ad4f28fa6044d6367e61832782da47f85ebf92624beafc27a2,307,,,3.0,1.0,,,,,0.0,0.0,0.001,200,40000,200,10000,0.00023801402000141298,0.0006064764908902032,0.0924128070473671,0.09241276979446411,3.6260128021240234,32.207826375961304,2336,True,0,CONVERGENCE: RELATIVE REDUCTION OF F <= FACTR*EPSMCH,2336,2443,3.10.18,2.10.0,1.15.3,1.26.0,arm64,0.3046680438114164,0.24729119427502155,1.0563201904296875,12.401528639553119,10.09210467338562,42.77686309814453,9.773089042080732,7.977320373058319,30.1634521484375,726.4408338992585,599.2179794311523,2191.732421875,363.51749710725755,293.7168960571289,1111.001953125
helmholtz2d,major1_confirm,TFF,TFF_m3_s1_lr0.001,3,10,11,1245,101245,201245,6c909b202f01334e613d04b74d41a114be0217af8040016bae2c0f3de9acc3d6,307,,,3.0,1.0,,,,,0.0,0.0,0.001,200,40000,200,10000,0.00018913039595850985,0.00046350363805724906,0.06227269768714905,0.06227269023656845,3.49643611907959,83.27246594429016,5894,True,0,CONVERGENCE: RELATIVE REDUCTION OF F <= FACTR*EPSMCH,5894,6328,3.10.18,2.10.0,1.15.3,1.26.0,arm64,0.2577227721705853,0.20783446542918682,0.8142719268798828,10.051069176200999,8.095245718955994,32.521240234375,10.893123433165897,8.798676371574402,43.00555419921875,463.4836731044309,376.34797286987305,1361.970703125,638.9360143776136,505.91383361816406,1951.01953125
helmholtz2d,major1_confirm,TFF,TFF_m3_s1_lr0.001,3,10,12,1246,101246,201246,7b83f0057d18869ea06d4504b6fd4bc4aaf7ac20e82e926a191ce9e4f079eab9,307,,,3.0,1.0,,,,,0.0,0.0,0.001,200,40000,200,10000,0.0003733796159870988,0.000994738100572081,0.02668519876897335,0.02668520249426365,3.6381659507751465,52.14205598831177,3743,True,0,CONVERGENCE: RELATIVE REDUCTION OF F <= FACTR*EPSMCH,3743,3949,3.10.18,2.10.0,1.15.3,1.26.0,arm64,0.15996394591244747,0.12721741572022438,0.9598312377929688,5.51173190001089,4.326806485652924,31.6785888671875,4.614809873142412,3.5029193460941315,34.56982421875,208.82688867479146,164.34317588806152,1069.984619140625,166.7464604724134,128.08801364898682,1091.861328125
helmholtz2d,major1_confirm,TFF,TFF_m3_s1_lr0.001,3,10,13,1247,101247,201247,e073d1b3f95374617ba10f0de47aee81d7469b5bc9e8fbc3d39738dec55f96ff,307,,,3.0,1.0,,,,,0.0,0.0,0.001,200,40000,200,10000,0.0033917831283205935,0.00780937955870369,5.9614434242248535,5.961443901062012,3.599745988845825,119.09145903587341,8364,True,0,CONVERGENCE: RELATIVE REDUCTION OF F <= FACTR*EPSMCH,8364,8995,3.10.18,2.10.0,1.15.3,1.26.0,arm64,2.443457695242937,1.9717190265655518,7.762359619140625,434.41334363138526,356.2736358642578,1218.61083984375,306.3472246819163,251.57559394836426,1013.7003173828125,90645.03957746392,73593.013671875,291629.65625,47541.052912193685,38354.22900390625,177022.90625
helmholtz2d,major1_confirm,TFF,TFF_m3_s1_lr0.001,3,10,14,1248,101248,201248,e8d15ee310a129e8292139a604196cba36aa295bee8a52e3a38c89f79bfa94be,307,,,3.0,1.0,,,,,0.0,0.0,0.001,200,40000,200,10000,0.08212051327085539,0.2043599010295847,292.2784118652344,292.27838134765625,3.5905141830444336,197.13983273506165,13658,True,0,CONVERGENCE: RELATIVE REDUCTION OF F <= FACTR*EPSMCH,13658,14855,3.10.18,2.10.0,1.15.3,1.26.0,arm64,16.950896085835492,13.44379723072052,61.77485656738281,307.835570201447,242.82670783996582,1179.43310546875,1363.191114856974,1087.8546295166016,5615.46044921875,7639.9942408355255,6085.348876953125,25106.37890625,200437.35476203033,158411.34765625,890739.3125
helmholtz2d,major1_confirm,TFF,TFF_m3_s1_lr0.001,3,10,15,1249,101249,201249,88dcfbd6a03e399ca9655f79269b8582235f702d946f2aa4b9d5e6c2a6fb0831,307,,,3.0,1.0,,,,,0.0,0.0,0.001,200,40000,200,10000,3.377851724939419e-05,8.427119964446755e-05,0.005479530431330204,0.005479523446410894,3.5692479610443115,57.68878626823425,4156,True,0,CONVERGENCE: RELATIVE REDUCTION OF F <= FACTR*EPSMCH,4156,4386,3.10.18,2.10.0,1.15.3,1.26.0,arm64,0.07416880999479461,0.06052427273243666,0.21424484252929688,2.6158650829283787,2.160685569047928,7.63079833984375,4.271198892843028,3.4963032603263855,13.540679931640625,107.94323029628525,88.91848087310791,341.07421875,304.7480452664955,250.07269287109375,970.16650390625
helmholtz2d,major1_confirm,TFF,TFF_m3_s1_lr0.001,3,10,16,1250,101250,201250,4e288d32d0769cd961971cda4eeb15aa361c9e9f094bde2ff924238e22aaf387,307,,,3.0,1.0,,,,,0.0,0.0,0.001,200,40000,200,10000,0.18775320058681408,0.45893516224978986,40.269386291503906,40.269378662109375,3.5671157836914062,475.1078550815582,39481,True,0,CONVERGENCE: RELATIVE REDUCTION OF F <= FACTR*EPSMCH,39481,42445,3.10.18,2.10.0,1.15.3,1.26.0,arm64,5.802368460680023,4.609881222248077,28.13654899597168,175.44783240191725,123.85775566101074,1382.4874267578125,163.83805182729225,122.75215721130371,1307.486083984375,5584.63561926828,3857.27783203125,45227.609375,5643.12522012404,4075.090362548828,35111.28125
helmholtz2d,major1_confirm,TFF,TFF_m3_s1_lr0.001,3,10,17,1251,101251,201251,4436e43d0db65656c1980747481e84488f5e71c8f0961d65afdd705d5f7fda4a,307,,,3.0,1.0,,,,,0.0,0.0,0.001,200,40000,200,10000,0.00047906832406421576,0.0012679905997341526,0.13622812926769257,0.1362282931804657,3.612290143966675,20.12664484977722,1447,True,0,CONVERGENCE: RELATIVE REDUCTION OF F <= FACTR*EPSMCH,1447,1552,3.10.18,2.10.0,1.15.3,1.26.0,arm64,0.3726129129790264,0.29945893213152885,1.1615753173828125,12.629734246968455,10.34313678741455,38.5347900390625,12.180798923367014,10.060278415679932,36.105224609375,479.3784407471043,389.16226959228516,1393.544921875,457.4543735786663,376.01136016845703,1281.341796875
helmholtz2d,major1_confirm,TFF,TFF_m3_s1_lr0.001,3,10,18,1252,101252,201252,9b631f7ae65ead03483252b5468db4041312e681781777fe4cdbab46b853c036,307,,,3.0,1.0,,,,,0.0,0.0,0.001,200,40000,200,10000,0.1353891606265214,0.3332729436593703,2.6795406341552734,2.6795408725738525,3.58597731590271,239.9911527633667,17347,True,0,CONVERGENCE: RELATIVE REDUCTION OF F <= FACTR*EPSMCH,17347,18602,3.10.18,2.10.0,1.15.3,1.26.0,arm64,1.4188600686519097,1.0726507157087326,14.829927444458008,49.66103163804083,33.88383078575134,440.353759765625,48.03205214694939,29.69594669342041,504.574462890625,2339.067876580327,1418.298110961914,29336.50390625,1588.1157664036964,962.640510559082,14993.3046875
helmholtz2d,major1_confirm,TFF,TFF_m3_s1_lr0.001,3,10,19,1253,101253,201253,2e00166dc02649b405f475b0e68228b61ca1a56e8ff55eb5f4499e6ddaca7978,307,,,3.0,1.0,,,,,0.0,0.0,0.001,200,40000,200,10000,0.0008375222964769369,0.0019779646744866506,0.3318852484226227,0.3318852186203003,3.565109968185425,35.546736001968384,2610,True,0,CONVERGENCE: RELATIVE REDUCTION OF F <= FACTR*EPSMCH,2610,2774,3.10.18,2.10.0,1.15.3,1.26.0,arm64,0.5705253745944145,0.45323897153139114,2.128570556640625,17.698966579118398,14.24187421798706,49.31195068359375,36.67353932098898,29.262550830841064,120.30171203613281,651.3788290282776,523.3659362792969,1768.552734375,3519.669373677022,2826.3677368164062,10781.115234375
