benchmark,key,key_id,nh,nn,trial,seed,lpa_order,lpa_panels,ff_sigma,ff_features,lr,adam_steps,lbfgs_maxiter,N_b,N_r,n_params,lpa_ref_params,l1_absolute,l2_relative,l1_absolute_c0,l2_relative_c0,l2_relative_sum,final_loss,time_adam,time_lbfgs,lbfgs_steps,machine,rms_r,mean_abs_r,max_abs_r,rms_r_x,mean_abs_r_x,max_abs_r_x,rms_r_y,mean_abs_r_y,max_abs_r_y,rms_r_xx,mean_abs_r_xx,max_abs_r_xx,rms_r_yy,mean_abs_r_yy,max_abs_r_yy,domain,P,N_panel
helmholtz2d,LPA,LPA_P2_N10,2,10,0,1234,2.0,10.0,,,0.01,200,40000,200,10000,161,,0.08481992594182113,0.21444710907366177,0.08481992594182113,0.21444710907366107,0.21444710907366107,7.3840250968933105,5.40536904335022,127.27948522567749,7147,arm64,2.3854531336721903,1.792526200413704,17.358989715576172,64.31114831510492,40.863630294799805,631.9569091796875,64.83251126249516,39.609774589538574,838.6862182617188,1630.6211191981415,994.1014099121094,15210.5302734375,1723.093266845994,985.9413681030273,16132.7666015625,,2,10
helmholtz2d,LPA,LPA_P2_N10,2,10,1,1235,2.0,10.0,,,0.01,200,40000,200,10000,161,,0.2223663242316401,0.5543970373472871,0.2223663242316401,0.5543970373472853,0.5543970373472853,49.59293746948242,4.941373825073242,120.2016978263855,6845,arm64,6.030722204645214,4.534628868103027,51.106224060058594,160.80320397975984,108.79998302459717,1663.967529296875,137.30475706790557,88.25227451324463,1470.3450927734375,3861.4403562660395,2712.255157470703,24251.671875,2697.1554228483014,1881.3536529541016,18920.171875,,2,10
helmholtz2d,LPA,LPA_P2_N10,2,10,2,1236,2.0,10.0,,,0.01,200,40000,200,10000,161,,0.08504745114993384,0.2174033660142412,0.08504745114993384,0.21740336601424087,0.21740336601424087,10.545661926269531,5.1755640506744385,79.91477608680725,4515,arm64,2.784931286130225,1.9710093140602112,28.896387100219727,62.59902287412258,41.04952573776245,489.52935791015625,68.10838431617766,44.11668109893799,624.8953247070312,1418.8727149571944,964.2191619873047,8486.74609375,1550.8012243675848,1047.1699752807617,12392.2041015625,,2,10
helmholtz2d,LPA,LPA_P2_N10,2,10,3,1237,2.0,10.0,,,0.01,200,40000,200,10000,161,,0.07222953812697146,0.17520004144500426,0.07222953812697146,0.17520004144500348,0.17520004144500348,7.952330112457275,4.978235244750977,144.74453806877136,8380,arm64,2.425521492679816,1.7188339680433273,23.80229377746582,62.20060222370992,39.24215316772461,766.000732421875,75.7399249033509,46.54329442977905,660.9630126953125,1640.200054490305,1009.12548828125,20974.115234375,2109.0640844934037,1342.5515441894531,13838.451171875,,2,10
helmholtz2d,LPA,LPA_P2_N10,2,10,4,1238,2.0,10.0,,,0.01,200,40000,200,10000,161,,0.029936881675508984,0.07745399960023121,0.029936881675508984,0.07745399960023121,0.07745399960023121,2.532404661178589,4.886796712875366,92.78911685943604,5475,arm64,1.460714970944777,1.1243619620800018,10.693105697631836,44.296885850693116,29.591792345046997,486.0233459472656,38.46115967079849,26.699899435043335,474.08233642578125,1228.7241223114324,796.4444885253906,11837.9345703125,1092.884621940944,693.2351455688477,11765.240234375,,2,10
helmholtz2d,LPA,LPA_P2_N20,2,10,0,1234,2.0,20.0,,,0.01,200,40000,200,10000,171,,0.1458368631238025,0.36164169896588805,0.1458368631238025,0.36164169896588727,0.36164169896588727,15.110414505004883,4.820488929748535,168.90754389762878,10109,arm64,3.829544178005733,2.846859574317932,32.442562103271484,108.45125205485469,71.85554790496826,901.9346923828125,105.57450109170168,66.18221759796143,1038.4273681640625,2921.8629224349315,1898.5504302978516,17387.775390625,2527.2253683634945,1722.7067260742188,13598.33203125,,2,20
helmholtz2d,LPA,LPA_P2_N20,2,10,1,1235,2.0,20.0,,,0.01,200,40000,200,10000,171,,0.1207769389894011,0.2922581735066203,0.1207769389894011,0.292258173506619,0.292258173506619,12.181941032409668,5.0330681800842285,107.20846700668335,6385,arm64,3.2771730980984524,2.403389632701874,31.461246490478516,86.5934155504864,59.40338134765625,833.4581909179688,101.77470829021615,56.984459400177,1197.86279296875,2581.3980587077226,1659.2180786132812,17672.47265625,2787.326496842449,1529.0552520751953,21698.275390625,,2,20
helmholtz2d,LPA,LPA_P2_N20,2,10,2,1236,2.0,20.0,,,0.01,200,40000,200,10000,171,,0.09082131129219877,0.22577477752660874,0.09082131129219877,0.22577477752660757,0.22577477752660757,6.708422660827637,4.626999855041504,105.28248500823975,6460,arm64,2.373178272769568,1.7612966746091843,19.805667877197266,67.60169138400693,42.40487623214722,745.8486938476562,76.86138567201267,48.50658416748047,878.2398681640625,1841.4749777691795,1153.927474975586,11128.2099609375,2463.6591307443487,1412.801773071289,28428.13671875,,2,20
helmholtz2d,LPA,LPA_P2_N20,2,10,3,1237,2.0,20.0,,,0.01,200,40000,200,10000,171,,0.07677261767052272,0.18952738390372642,0.07677261767052272,0.18952738390372595,0.18952738390372595,4.04902458190918,4.647237062454224,69.19073486328125,4049,arm64,1.68773823398664,1.1956604272127151,15.941179275512695,48.64709488446604,29.297139883041382,572.5062255859375,47.049924591360764,27.979082822799683,614.0119018554688,1300.8887647008871,751.1900177001953,11763.8056640625,1312.3892215154772,758.8056640625,12743.5869140625,,2,20
helmholtz2d,LPA,LPA_P2_N20,2,10,4,1238,2.0,20.0,,,0.01,200,40000,200,10000,171,,0.05035567082560169,0.12455729546992102,0.05035567082560169,0.12455729546992107,0.12455729546992107,17.969192504882812,4.886872053146362,86.15165209770203,5555,arm64,4.033689721705934,3.0386524498462677,39.36111831665039,105.49197082339074,67.17175960540771,1132.74609375,105.68760164099193,73.67468929290771,1303.503662109375,2965.8323241545536,1642.7296905517578,35736.5234375,2502.8404114126015,1753.0921478271484,17249.091796875,,2,20
helmholtz2d,LPA,LPA_P2_N30,2,10,0,1234,2.0,30.0,,,0.01,200,40000,200,10000,181,,0.1074559796161071,0.2668529812840799,0.1074559796161071,0.2668529812840791,0.2668529812840791,16.461999893188477,4.3055219650268555,106.4170880317688,7055,arm64,3.5195241201923397,2.5823986530303955,50.302303314208984,96.16302539756786,57.86713171005249,1680.4404296875,85.0458286381525,55.28085803985596,1253.5052490234375,2381.1321821247134,1384.1812744140625,27089.59375,2034.329895813361,1311.0017547607422,21635.771484375,,2,30
helmholtz2d,LPA,LPA_P2_N30,2,10,1,1235,2.0,30.0,,,0.01,200,40000,200,10000,181,,0.08625664263985104,0.21770941938596033,0.08625664263985104,0.2177094193859599,0.2177094193859599,8.975959777832031,3.5976247787475586,65.2339231967926,4327,arm64,2.451305941984589,1.669535294175148,21.459823608398438,66.50237803401986,39.29419183731079,673.2957763671875,61.89604380942139,38.52911424636841,594.8939208984375,1548.0076661228136,974.5733947753906,12707.7021484375,1475.1210861315758,939.2602386474609,11534.64453125,,2,30
helmholtz2d,LPA,LPA_P2_N30,2,10,2,1236,2.0,30.0,,,0.01,200,40000,200,10000,181,,0.10725243878431984,0.2662467912148402,0.10725243878431984,0.2662467912148393,0.2662467912148393,7.325838565826416,4.554996013641357,143.73675990104675,9409,arm64,2.549342487218598,1.9472827166318893,23.548124313354492,80.36198241565123,52.32070827484131,994.0450439453125,65.28134606675256,46.713463306427,587.3392944335938,2560.272373205632,1529.4718933105469,19351.544921875,1844.350436129208,1283.7756805419922,15086.927734375,,2,30
helmholtz2d,LPA,LPA_P2_N30,2,10,3,1237,2.0,30.0,,,0.01,200,40000,200,10000,181,,0.035592112978635924,0.08731861265968337,0.035592112978635924,0.08731861265968302,0.08731861265968302,2.8128507137298584,4.03333306312561,114.04593682289124,7609,arm64,1.3926145540798733,1.0477168634533882,7.720512390136719,39.12195182845769,25.53579807281494,422.1490478515625,47.903548292009056,29.45820689201355,413.0660400390625,1044.5044877835614,621.8778533935547,10641.380859375,1468.0559743245487,825.2655639648438,12538.93359375,,2,30
helmholtz2d,LPA,LPA_P2_N30,2,10,4,1238,2.0,30.0,,,0.01,200,40000,200,10000,181,,0.06456165619599911,0.160012174370953,0.06456165619599911,0.16001217437095197,0.16001217437095197,13.766003608703613,4.196922063827515,159.5182340145111,10523,arm64,3.1337657058620483,2.2695716619491577,18.145252227783203,87.42026745338345,54.46174335479736,1154.783935546875,93.89912423567412,58.149916648864746,1025.454833984375,2195.429969277089,1323.713150024414,21277.705078125,2618.4242995549826,1575.2174072265625,19206.314453125,,2,30
helmholtz2d,LPA,LPA_P2_N40,2,10,0,1234,2.0,40.0,,,0.01,200,40000,200,10000,191,,0.07232660911067589,0.17726707115421506,0.07232660911067589,0.17726707115421445,0.17726707115421445,14.021195411682129,4.033238887786865,99.0946958065033,6556,arm64,3.352182273202781,2.5639912486076355,22.234905242919922,86.30663830453419,58.585304260253906,896.0054321289062,107.33044518164743,72.51457023620605,769.4673461914062,2473.302435510061,1540.484375,20324.625,2912.6930086262096,1998.1006622314453,19829.8671875,,2,40
helmholtz2d,LPA,LPA_P2_N40,2,10,1,1235,2.0,40.0,,,0.01,200,40000,200,10000,191,,0.025941889273651004,0.06572450180022193,0.025941889273651004,0.06572450180022184,0.06572450180022184,5.175009727478027,4.0975401401519775,77.76731324195862,5186,arm64,2.079219357874658,1.5809264779090881,11.654464721679688,61.22445382637473,42.18135976791382,680.6964111328125,63.878689952356545,42.65883016586304,812.3909912109375,1772.9826740552205,1139.7323608398438,20268.94140625,1980.709153308481,1206.1063232421875,38125.62109375,,2,40
helmholtz2d,LPA,LPA_P2_N40,2,10,2,1236,2.0,40.0,,,0.01,200,40000,200,10000,191,,0.12718697752373898,0.31376899882419945,0.12718697752373898,0.31376899882419984,0.31376899882419984,14.721665382385254,4.2425549030303955,107.78648495674133,7212,arm64,3.19303060816578,2.5228039026260376,16.120513916015625,85.07209502850546,58.11497688293457,630.273193359375,83.28863563639325,56.000744342803955,701.5767822265625,2362.8171877020027,1523.5236206054688,19630.447265625,2235.8141693799153,1455.2694244384766,15104.22265625,,2,40
helmholtz2d,LPA,LPA_P2_N40,2,10,3,1237,2.0,40.0,,,0.01,200,40000,200,10000,191,,0.2740678334030954,0.6959699493523901,0.2740678334030954,0.6959699493523875,0.6959699493523875,46.6917724609375,4.0279929637908936,66.55421185493469,4383,arm64,5.4805564954915535,4.27972948551178,32.282928466796875,132.69878449792432,90.28694725036621,1553.0787353515625,122.8312595007756,88.53879928588867,1231.3389892578125,2977.3111610982146,1933.1434173583984,36891.47265625,2674.999976635514,1912.5919952392578,27670.85546875,,2,40
helmholtz2d,LPA,LPA_P2_N40,2,10,4,1238,2.0,40.0,,,0.01,200,40000,200,10000,191,,0.01631504729564645,0.03993019278864639,0.01631504729564645,0.0399301927886463,0.0399301927886463,1.5987462997436523,3.855747699737549,65.87016177177429,4359,arm64,1.1575326506703867,0.9109888896346092,11.687986373901367,34.592959345851156,24.172510385513306,466.8416748046875,36.15937368340029,25.49700093269348,495.25103759765625,948.5840516923105,649.4669418334961,9533.150390625,947.8719668947912,665.9976196289062,9054.16796875,,2,40
helmholtz2d,LPA,LPA_P3_N10,2,10,0,1234,3.0,10.0,,,0.01,200,40000,200,10000,161,,0.04562945896634352,0.11307252854921782,0.04562945896634352,0.11307252854921705,0.11307252854921705,2.1456363201141357,4.56582498550415,117.30468583106995,6420,arm64,1.357966131423534,1.0404319688677788,8.85632038116455,42.89782765541527,27.516032695770264,395.47216796875,36.32281757265005,24.239810943603516,251.27667236328125,1254.22088614805,744.2100067138672,9633.5771484375,1078.7029827528984,682.4552001953125,9500.0068359375,,3,10
helmholtz2d,LPA,LPA_P3_N10,2,10,1,1235,3.0,10.0,,,0.01,200,40000,200,10000,161,,0.6359015191332271,1.5442247117663035,0.6359015191332271,1.5442247117663053,1.5442247117663053,95.35441589355469,4.796295881271362,73.43475580215454,4034,arm64,7.961854292290678,5.927467107772827,45.17585372924805,140.81583665737185,109.15371704101562,692.054443359375,146.30589877248627,111.04716396331787,814.4220581054688,2830.7225446871334,2274.9554443359375,17825.51171875,2927.4673781273805,2252.2265014648438,17931.21484375,,3,10
helmholtz2d,LPA,LPA_P3_N10,2,10,2,1236,3.0,10.0,,,0.01,200,40000,200,10000,161,,0.8424497075532429,2.0169974692222676,0.8424497075532429,2.0169974692222725,2.0169974692222725,147.396240234375,4.855228900909424,87.84361004829407,4757,arm64,8.206944737075998,6.087524056434631,34.72722625732422,159.4962146273972,119.95902729034424,994.3673095703125,169.3719470435187,128.39964294433594,977.3687133789062,3056.6831901589017,2402.1785888671875,14058.478515625,3544.4565168725094,2791.439727783203,12784.955078125,,3,10
helmholtz2d,LPA,LPA_P3_N10,2,10,3,1237,3.0,10.0,,,0.01,200,40000,200,10000,161,,0.09256162479835339,0.23623089077153306,0.09256162479835339,0.23623089077153228,0.23623089077153228,14.457971572875977,4.883836030960083,104.76494598388672,5767,arm64,3.4508611585620184,2.4923735558986664,30.261396408081055,96.01283686960822,59.46065807342529,912.6010131835938,95.43387283597295,57.71011161804199,1326.79443359375,2185.0783667296696,1352.6956176757812,16061.55078125,2196.2592060137163,1340.6829986572266,20686.16015625,,3,10
helmholtz2d,LPA,LPA_P3_N10,2,10,4,1238,3.0,10.0,,,0.01,200,40000,200,10000,161,,0.02470092768328621,0.060087378647357685,0.02470092768328621,0.06008737864735764,0.06008737864735764,2.149397611618042,4.8276660442352295,107.90935897827148,5926,arm64,1.400979284105432,1.1120291501283646,9.048625946044922,38.26758305939909,27.521697998046875,430.8220520019531,41.3813003399152,29.00627040863037,346.9764404296875,1061.32084569182,737.5336608886719,8322.6689453125,1181.1701097322941,802.1591033935547,9923.427734375,,3,10
helmholtz2d,LPA,LPA_P3_N20,2,10,0,1234,3.0,20.0,,,0.01,200,40000,200,10000,171,,0.015149826885741388,0.03885499906974675,0.015149826885741388,0.038854999069746675,0.038854999069746675,3.1836400032043457,4.8072662353515625,96.15284299850464,5224,arm64,1.604858653775853,1.169686108827591,16.89684295654297,50.087750452194676,30.62144923210144,675.4489135742188,51.83776269040814,31.882826805114746,649.2813720703125,1382.5185294870373,853.9695281982422,13537.7421875,1361.6834709285415,856.9547119140625,13465.1533203125,,3,20
helmholtz2d,LPA,LPA_P3_N20,2,10,1,1235,3.0,20.0,,,0.01,200,40000,200,10000,171,,0.07411565636270953,0.18600315629985667,0.07411565636270953,0.18600315629985606,0.18600315629985606,3.968207359313965,5.144150018692017,79.5051109790802,4414,arm64,1.7999649266296236,1.2600687146186829,17.410255432128906,55.593499271541475,34.20478534698486,640.1146850585938,57.46661575444939,32.45903825759888,575.5958251953125,1432.7546948535887,927.2498626708984,11542.32421875,1453.8695243212164,818.5407638549805,12212.4541015625,,3,20
helmholtz2d,LPA,LPA_P3_N20,2,10,2,1236,3.0,20.0,,,0.01,200,40000,200,10000,171,,0.01808697441726252,0.04367481273602974,0.01808697441726252,0.04367481273602959,0.04367481273602959,1.184412956237793,4.9700212478637695,100.25438618659973,5705,arm64,1.0290910924095444,0.7263814359903336,15.809371948242188,30.710631189247678,18.583585023880005,523.591552734375,35.840678528255054,20.778570890426636,551.55712890625,856.5684626753427,500.2968406677246,10030.3232421875,1010.2250986785074,575.9214859008789,10736.107421875,,3,20
helmholtz2d,LPA,LPA_P3_N20,2,10,3,1237,3.0,20.0,,,0.01,200,40000,200,10000,171,,0.05881786625216638,0.1456757528272899,0.05881786625216638,0.14567575282728992,0.14567575282728992,9.620784759521484,4.959467887878418,115.72224688529968,6408,arm64,2.8574400019249984,1.996184840798378,48.644840240478516,83.82187767960328,48.52018404006958,1408.53125,80.67112862513046,49.08481311798096,1331.06787109375,1969.1268766257801,1218.147705078125,18527.890625,1853.896015827209,1213.656753540039,16237.5478515625,,3,20
helmholtz2d,LPA,LPA_P3_N20,2,10,4,1238,3.0,20.0,,,0.01,200,40000,200,10000,171,,0.0350754401506384,0.08826882510571948,0.0350754401506384,0.08826882510571926,0.08826882510571926,2.1781980991363525,4.639981985092163,102.03620719909668,5818,arm64,1.4441650114097655,1.041496366262436,14.241374969482422,41.29178976328671,27.48109459877014,377.304931640625,46.049256862811454,27.138373851776123,522.8646850585938,1326.4090149723802,807.0006103515625,9962.3984375,1268.1969176255714,769.4167098999023,9218.50390625,,3,20
helmholtz2d,LPA,LPA_P3_N30,2,10,0,1234,3.0,30.0,,,0.01,200,40000,200,10000,181,,0.008182914486642122,0.019785613616560577,0.008182914486642122,0.019785613616560553,0.019785613616560553,0.7763735055923462,4.898315906524658,112.4678316116333,6417,arm64,0.8027018612405098,0.5723560005426407,11.345787048339844,28.251039739058996,16.341240882873535,427.01434326171875,28.796216753320206,15.512349486351013,481.3956298828125,863.1800625086865,480.47203826904297,8421.517578125,907.3883712336191,445.18330001831055,12364.76953125,,3,30
helmholtz2d,LPA,LPA_P3_N30,2,10,1,1235,3.0,30.0,,,0.01,200,40000,200,10000,181,,0.010098322710892968,0.024755813873662273,0.010098322710892968,0.024755813873662262,0.024755813873662262,1.1702876091003418,4.999819040298462,87.26799988746643,5008,arm64,0.9786596896476581,0.6937583908438683,13.359528541564941,32.77664754467086,19.0235698223114,632.8715209960938,35.93156891019573,19.342793941497803,593.8533325195312,933.7394849642217,529.4573669433594,13202.748046875,1077.0114394123211,566.7305793762207,12961.974609375,,3,30
helmholtz2d,LPA,LPA_P3_N30,2,10,2,1236,3.0,30.0,,,0.01,200,40000,200,10000,181,,0.02828658291866079,0.07110565077653828,0.02828658291866079,0.07110565077653795,0.07110565077653795,3.9054582118988037,4.678387880325317,121.84040594100952,6987,arm64,1.7842417154455197,1.4379205107688904,8.059066772460938,49.50072902566452,36.60714626312256,496.1994323730469,47.524789384899975,35.96176099777222,476.5005187988281,1321.346767979549,950.143440246582,9803.3349609375,1351.663477441778,972.2592849731445,9996.5458984375,,3,30
helmholtz2d,LPA,LPA_P3_N30,2,10,3,1237,3.0,30.0,,,0.01,200,40000,200,10000,181,,0.026917345637804017,0.06703543711218347,0.026917345637804017,0.06703543711218325,0.06703543711218325,4.033806800842285,4.698170185089111,91.05100536346436,5074,arm64,1.7436049216430707,1.3455162793397903,14.964544296264648,51.28115984195685,33.3006329536438,641.982666015625,56.770515665921245,35.3727502822876,752.1101684570312,1403.9487504000992,854.0679473876953,13995.1103515625,1515.640371056076,886.0479354858398,15090.65625,,3,30
helmholtz2d,LPA,LPA_P3_N30,2,10,4,1238,3.0,30.0,,,0.01,200,40000,200,10000,181,,0.03165679646470202,0.07992208667351114,0.03165679646470202,0.07992208667351093,0.07992208667351093,4.695713043212891,4.423347234725952,126.31032395362854,6749,arm64,2.0865285300414333,1.589752271771431,23.34402847290039,63.162800505327354,40.79312038421631,821.996337890625,57.36092348640223,37.68789339065552,728.9224243164062,1664.7022256247512,1054.351058959961,13233.23046875,1785.3721600831575,1088.7350006103516,16657.572265625,,3,30
helmholtz2d,LPA,LPA_P3_N40,2,10,0,1234,3.0,40.0,,,0.01,200,40000,200,10000,191,,0.03766809195168206,0.09414763872421011,0.03766809195168206,0.09414763872420981,0.09414763872420981,7.979757308959961,4.600240230560303,125.860671043396,6800,arm64,2.664601872677665,1.9611338824033737,19.568153381347656,86.360717829256,50.29008913040161,1063.52734375,70.3340379339182,45.76780986785889,515.4830322265625,2660.7036076008167,1396.318832397461,20162.76171875,1789.306473539399,1119.9142456054688,14006.4248046875,,3,40
helmholtz2d,LPA,LPA_P3_N40,2,10,1,1235,3.0,40.0,,,0.01,200,40000,200,10000,191,,0.19431833401314622,0.4801159796624694,0.19431833401314622,0.4801159796624686,0.4801159796624686,29.261402130126953,4.201871871948242,80.38054394721985,4296,arm64,4.828139345215655,3.187787353992462,61.036766052246094,103.45009187424176,67.7964973449707,797.662841796875,109.71707444960994,69.95461654663086,892.2719116210938,2028.428186120968,1506.920166015625,10331.7890625,2062.8535530303648,1490.6148986816406,11313.69140625,,3,40
helmholtz2d,LPA,LPA_P3_N40,2,10,2,1236,3.0,40.0,,,0.01,200,40000,200,10000,191,,0.03291286919782971,0.08232483047759358,0.03291286919782971,0.08232483047759324,0.08232483047759324,5.7471184730529785,5.033243894577026,105.1493399143219,5617,arm64,2.1391292831885367,1.5807566940784454,17.582761764526367,66.61279849320026,38.24600648880005,638.5164794921875,50.856493533965875,34.819397926330566,454.4466857910156,1827.1864813149205,987.1368637084961,15117.79296875,1352.6127379076393,895.5399627685547,10202.296875,,3,40
helmholtz2d,LPA,LPA_P3_N40,2,10,3,1237,3.0,40.0,,,0.01,200,40000,200,10000,191,,0.07426983187823213,0.18363048184756078,0.07426983187823213,0.18363048184756073,0.18363048184756073,10.093912124633789,5.125715970993042,83.23462986946106,4499,arm64,2.7065269804208216,1.8857939839363098,24.480215072631836,74.24130763283472,43.097293853759766,863.12939453125,67.36422501785246,39.07600545883179,874.1715698242188,1753.0436478450843,1023.4138259887695,14274.3662109375,1587.1221105352922,884.2768630981445,14030.8896484375,,3,40
helmholtz2d,LPA,LPA_P3_N40,2,10,4,1238,3.0,40.0,,,0.01,200,40000,200,10000,191,,0.09583984743177835,0.2347429277571089,0.09583984743177835,0.2347429277571084,0.2347429277571084,8.038890838623047,5.035351991653442,96.68807792663574,5210,arm64,2.5563995037802396,1.9151638001203537,22.28209686279297,70.25986506474386,46.861209869384766,639.2504272460938,81.13447541326644,50.13566255569458,1103.7060546875,1767.2084625193486,1127.6816711425781,15123.1630859375,2087.6243974910813,1217.3109893798828,23527.240234375,,3,40
helmholtz2d,LPA,LPA_P4_N10,2,10,0,1234,4.0,10.0,,,0.01,200,40000,200,10000,161,,0.0159411857687482,0.03967944608336784,0.0159411857687482,0.039679446083367695,0.039679446083367695,1.2135438919067383,6.079514265060425,161.7604103088379,6936,arm64,1.004186643042982,0.7433817535638809,11.223036766052246,34.289821446872516,20.746806859970093,508.9870300292969,30.61202279556564,18.396270036697388,525.1502685546875,1016.6768322579206,568.8897705078125,12191.05859375,941.4118677218277,520.9775581359863,11999.0048828125,,4,10
helmholtz2d,LPA,LPA_P4_N10,2,10,1,1235,4.0,10.0,,,0.01,200,40000,200,10000,161,,0.028684474931633393,0.06961100492646902,0.028684474931633393,0.06961100492646882,0.06961100492646882,3.807565689086914,5.747305870056152,178.57202100753784,7759,arm64,1.7507601602655243,1.2830041646957397,14.46944522857666,59.19332170707095,35.79402780532837,497.57464599609375,51.09114382568658,29.34684681892395,772.9447021484375,1914.2372093734882,1061.6892013549805,15497.4677734375,1430.9217254535624,775.2727966308594,15791.7890625,,4,10
helmholtz2d,LPA,LPA_P4_N10,2,10,2,1236,4.0,10.0,,,0.01,200,40000,200,10000,161,,0.020797835586233986,0.050554675784143,0.020797835586233986,0.05055467578414299,0.05055467578414299,2.654104709625244,6.115104913711548,183.21275091171265,8152,arm64,1.4962782036442435,1.1048697233200073,10.968947410583496,41.159354936384716,25.51636791229248,399.5008544921875,41.47707000036803,24.115889072418213,472.55352783203125,1002.1893299796202,613.4019012451172,7924.63623046875,982.7530943890484,558.7688140869141,9098.46484375,,4,10
helmholtz2d,LPA,LPA_P4_N10,2,10,3,1237,4.0,10.0,,,0.01,200,40000,200,10000,161,,0.061799438132839814,0.15666448905904692,0.061799438132839814,0.156664489059047,0.156664489059047,8.277726173400879,6.163084983825684,237.08401775360107,10333,arm64,2.5839758517470033,1.9287676811218262,19.45533561706543,71.41883415336721,45.24150466918945,747.3797607421875,72.93795459805042,46.74006986618042,797.66943359375,1631.9474371130952,1072.8267364501953,11998.75,1787.540349194949,1137.3771057128906,14436.8642578125,,4,10
helmholtz2d,LPA,LPA_P4_N10,2,10,4,1238,4.0,10.0,,,0.01,200,40000,200,10000,161,,0.01972197952628734,0.05072886680407933,0.01972197952628734,0.05072886680407922,0.05072886680407922,2.348341941833496,6.292953968048096,102.84966897964478,4336,arm64,1.4134298932808886,0.9838523268699646,21.44669532775879,40.24536655838713,23.457544565200806,650.3052978515625,45.2355635570858,24.994925498962402,738.6875610351562,1158.1569342602063,675.3564224243164,11163.0537109375,1152.128614239747,657.3487396240234,11455.8291015625,,4,10
helmholtz2d,LPA,LPA_P4_N20,2,10,0,1234,4.0,20.0,,,0.01,200,40000,200,10000,171,,0.16685549922780885,0.42058583345349043,0.16685549922780885,0.4205858334534884,0.4205858334534884,35.32383728027344,6.438459873199463,235.94822001457214,10549,arm64,5.354173855708698,4.195925921201706,31.56295394897461,137.24729619376842,99.01429653167725,817.165771484375,145.15934132876188,93.80757522583008,1224.2427978515625,3320.0676197933076,2454.856201171875,18132.998046875,4691.908153939077,2518.0411071777344,42336.55859375,,4,20
helmholtz2d,LPA,LPA_P4_N20,2,10,1,1235,4.0,20.0,,,0.01,200,40000,200,10000,171,,0.07311438108019093,0.18439600289407782,0.07311438108019093,0.18439600289407768,0.18439600289407768,17.399646759033203,5.518202066421509,172.18143892288208,7692,arm64,3.996240667213517,3.0278463661670685,31.31838607788086,97.24337534172476,66.62261581420898,740.7877807617188,116.67460259467353,73.798996925354,1192.58349609375,2684.6664713703267,1672.5422668457031,21862.52734375,2666.263396590817,1715.5341796875,17143.82421875,,4,20
helmholtz2d,LPA,LPA_P4_N20,2,10,2,1236,4.0,20.0,,,0.01,200,40000,200,10000,171,,0.026212453056911573,0.06716810313732223,0.026212453056911573,0.06716810313732213,0.06716810313732213,2.4853339195251465,5.499025821685791,172.3765788078308,7926,arm64,1.419278950332622,1.0926907658576965,12.346002578735352,38.81255179630577,25.68821620941162,591.2544555664062,35.48768219345099,22.50255513191223,609.232177734375,1073.5853846457671,636.8445663452148,13145.712890625,913.124448151784,537.1933403015137,13965.0966796875,,4,20
helmholtz2d,LPA,LPA_P4_N20,2,10,3,1237,4.0,20.0,,,0.01,200,40000,200,10000,171,,0.03300462732258888,0.08108192264883331,0.03300462732258888,0.08108192264883304,0.08108192264883304,2.9501473903656006,5.5782389640808105,138.42335486412048,6462,arm64,1.6203639674312493,1.2085277140140533,11.74133014678955,49.63747512482457,30.658839464187622,508.8960876464844,45.75043091284428,28.597437143325806,520.5548095703125,1283.4397629028017,788.9553298950195,9602.166015625,1262.7377870128066,722.0703125,11931.2470703125,,4,20
helmholtz2d,LPA,LPA_P4_N20,2,10,4,1238,4.0,20.0,,,0.01,200,40000,200,10000,171,,0.7003358329359362,1.6774743017386118,0.7003358329359362,1.6774743017386071,1.6774743017386071,210.95367431640625,5.4426610469818115,70.38587307929993,3293,arm64,12.8990277271406,9.557150602340698,52.272361755371094,225.11692599867686,170.2170352935791,1289.0406494140625,219.29112868762783,167.8927516937256,945.4185180664062,3641.7281268650463,2895.2113342285156,18072.705078125,3588.9039761464783,2899.9813232421875,12586.6455078125,,4,20
helmholtz2d,LPA,LPA_P4_N30,2,10,0,1234,4.0,30.0,,,0.01,200,40000,200,10000,181,,0.011897790835093286,0.02868441477735204,0.011897790835093286,0.028684414777351994,0.028684414777351994,0.5577282905578613,5.506251096725464,120.50704407691956,5490,arm64,0.6850000520953277,0.5254718884825706,6.029253959655762,22.048874578495443,14.708438038825989,369.5813903808594,21.19803656716769,14.696352362632751,312.3399658203125,709.3434381745207,405.54676818847656,9250.7802734375,691.5894510112195,406.67369842529297,8341.455078125,,4,30
helmholtz2d,LPA,LPA_P4_N30,2,10,1,1235,4.0,30.0,,,0.01,200,40000,200,10000,181,,0.854972938224311,2.0433929580805374,0.854972938224311,2.0433929580805343,2.0433929580805343,435.0614013671875,5.415317058563232,64.43889904022217,2932,arm64,17.670409987593345,14.070927262306213,53.285152435302734,319.52593516362253,272.12026023864746,944.4085083007812,332.1843646959283,278.1894645690918,1213.927001953125,6287.396520023212,5447.251953125,16546.904296875,6595.73589525839,5642.550231933594,33655.6953125,,4,30
helmholtz2d,LPA,LPA_P4_N30,2,10,2,1236,4.0,30.0,,,0.01,200,40000,200,10000,181,,0.019060852956208407,0.048990125686228896,0.019060852956208407,0.0489901256862287,0.0489901256862287,1.1954569816589355,5.766048908233643,170.16828298568726,7740,arm64,1.0222054046513542,0.7949209660291672,5.833732604980469,24.782597816633665,18.27031660079956,215.39698791503906,31.836916923201038,21.058427095413208,270.6361083984375,689.319980238677,477.18476486206055,6634.26416015625,1000.1516955254838,585.5364532470703,7817.6201171875,,4,30
helmholtz2d,LPA,LPA_P4_N30,2,10,3,1237,4.0,30.0,,,0.01,200,40000,200,10000,181,,0.03643707846973269,0.09284064528922777,0.03643707846973269,0.09284064528922777,0.09284064528922777,2.573352575302124,5.63014030456543,149.2927770614624,6987,arm64,1.4876219322814672,1.1265548765659332,13.033774375915527,44.11183899589326,27.539774894714355,492.0667724609375,46.75080014120372,28.81218671798706,369.7071533203125,1227.8339286116832,778.1973266601562,8955.2705078125,1277.43630589748,809.6124572753906,7765.15185546875,,4,30
helmholtz2d,LPA,LPA_P4_N30,2,10,4,1238,4.0,30.0,,,0.01,200,40000,200,10000,181,,0.03604723742138909,0.09115442628699404,0.03604723742138909,0.09115442628699377,0.09115442628699377,5.072701930999756,5.649363040924072,136.5177149772644,6387,arm64,1.986850553543974,1.542638212442398,17.25786018371582,54.71335284566518,36.13556909561157,634.333251953125,60.89533873009275,39.0549955368042,816.901123046875,1448.4035014887943,903.4875030517578,15339.29296875,1647.5655004050673,1004.6307220458984,14578.27734375,,4,30
helmholtz2d,LPA,LPA_P4_N40,2,10,0,1234,4.0,40.0,,,0.01,200,40000,200,10000,191,,0.9608558243592205,2.288857269265835,0.9608558243592205,2.288857269265836,2.288857269265836,488.96917724609375,5.694269895553589,96.82748103141785,4438,arm64,19.246537925220046,15.684171915054321,73.2726058959961,341.02239719793334,279.0854187011719,1090.1563720703125,349.56900639841484,281.96593475341797,1951.9366455078125,5329.051369615421,4475.049560546875,16140.9912109375,5803.352048600877,4809.173767089844,21579.26171875,,4,40
helmholtz2d,LPA,LPA_P4_N40,2,10,1,1235,4.0,40.0,,,0.01,200,40000,200,10000,191,,0.786715423338833,1.9053310764295712,0.786715423338833,1.905331076429567,1.905331076429567,756.808837890625,5.533684968948364,58.88707375526428,2719,arm64,22.66096462260495,18.501505613327026,71.41069793701172,420.61262054591276,330.60337829589844,1679.8287353515625,423.6868315749263,329.80931854248047,1927.311279296875,6506.858497001453,5218.563537597656,18754.01171875,6513.004145553725,5133.609069824219,20171.0546875,,4,40
helmholtz2d,LPA,LPA_P4_N40,2,10,2,1236,4.0,40.0,,,0.01,200,40000,200,10000,191,,0.0302393211664991,0.07561412235953811,0.0302393211664991,0.07561412235953803,0.07561412235953803,5.586794376373291,5.651479005813599,163.76155304908752,7513,arm64,2.0524129280132586,1.5199004709720612,14.828581809997559,52.95047475801902,33.02420926094055,688.0513916015625,59.22684641222678,37.684622287750244,648.5415649414062,1541.1923448259142,870.9214096069336,14424.83203125,1523.9754140077196,971.7154388427734,12283.78515625,,4,40
helmholtz2d,LPA,LPA_P4_N40,2,10,3,1237,4.0,40.0,,,0.01,200,40000,200,10000,191,,0.04354002295691166,0.10530086415078252,0.04354002295691166,0.10530086415078252,0.10530086415078252,8.694558143615723,5.46897292137146,125.85851001739502,5709,arm64,2.7323403226994856,2.0550037175416946,19.97395896911621,83.06992822962,54.06401777267456,885.785400390625,74.77600502657504,49.16467761993408,832.0409545898438,2103.0893199053626,1411.751220703125,15746.935546875,1907.1927177136556,1308.8145599365234,14720.1748046875,,4,40
helmholtz2d,LPA,LPA_P4_N40,2,10,4,1238,4.0,40.0,,,0.01,200,40000,200,10000,191,,0.026927064924187637,0.06703349110571995,0.026927064924187637,0.06703349110571998,0.06703349110571998,3.1603870391845703,5.502141237258911,121.0383288860321,5520,arm64,1.714842785463518,1.330162689089775,9.984967231750488,50.87191575657575,35.27717638015747,493.6671447753906,37.12502835975874,28.555129051208496,301.9129943847656,1298.2462870638221,869.7742919921875,13447.2646484375,936.5042628707037,679.8132553100586,8694.52734375,,4,40
helmholtz2d,LPA,LPA_P5_N10,2,10,0,1234,5.0,10.0,,,0.01,200,40000,200,10000,161,,0.01593292626893824,0.04039046754998868,0.01593292626893824,0.04039046754998857,0.04039046754998857,0.783837080001831,6.548891305923462,133.37074303627014,5106,arm64,0.803228453641336,0.611938588321209,6.765867233276367,21.431462363556232,13.825908780097961,359.8788757324219,24.52788404953158,15.928675413131714,377.5577392578125,642.6666247946908,377.4643974304199,8332.4794921875,741.8962928705063,446.81292724609375,8315.69921875,,5,10
helmholtz2d,LPA,LPA_P5_N10,2,10,1,1235,5.0,10.0,,,0.01,200,40000,200,10000,161,,0.025257608198813314,0.06203000447228954,0.025257608198813314,0.06203000447228945,0.06203000447228945,0.6432156562805176,6.4344751834869385,145.76562523841858,5592,arm64,0.7126370671464555,0.5292352512478828,5.706478595733643,21.421840631525583,14.029856443405151,293.0372619628906,24.570105387143776,14.470208764076233,336.701171875,676.9649697824105,408.1562690734863,7102.40576171875,798.2719251021233,413.65634536743164,10038.1357421875,,5,10
helmholtz2d,LPA,LPA_P5_N10,2,10,2,1236,5.0,10.0,,,0.01,200,40000,200,10000,161,,0.02128381884367737,0.051720103400915166,0.02128381884367737,0.05172010340091505,0.05172010340091505,0.5930977463722229,6.6333909034729,209.84920120239258,7987,arm64,0.6810845317378653,0.523533284664154,4.513065338134766,19.878118018521068,13.3727388381958,224.45948791503906,20.180665551090254,12.874871850013733,292.3333740234375,610.1797730740917,363.4592742919922,6368.38427734375,685.815515918822,376.0611228942871,7367.59814453125,,5,10
helmholtz2d,LPA,LPA_P5_N10,2,10,3,1237,5.0,10.0,,,0.01,200,40000,200,10000,161,,0.03576587700545278,0.08809116618657871,0.03576587700545278,0.08809116618657867,0.08809116618657867,1.3844317197799683,6.661195993423462,123.71860218048096,4736,arm64,1.1232794612032415,0.8523388504981995,6.78739070892334,35.612942980939835,22.264339923858643,314.224365234375,33.658565855974274,19.339211463928223,376.1734619140625,1021.9437094637356,606.4027328491211,10266.3974609375,967.7246670670331,503.9451675415039,9692.5,,5,10
helmholtz2d,LPA,LPA_P5_N10,2,10,4,1238,5.0,10.0,,,0.01,200,40000,200,10000,161,,0.011298203048729936,0.029291319854658528,0.011298203048729936,0.029291319854658538,0.029291319854658538,1.037950038909912,6.694240093231201,97.50368595123291,3752,arm64,0.8868623608823688,0.6045280992984772,14.314228057861328,31.058973269518113,16.676334023475647,555.956298828125,30.591673736723855,15.724275350570679,542.3157348632812,921.5903670761213,477.07588958740234,10971.9580078125,920.8692861571071,443.8724021911621,10706.6240234375,,5,10
helmholtz2d,LPA,LPA_P5_N20,2,10,0,1234,5.0,20.0,,,0.01,200,40000,200,10000,171,,0.09790334890935655,0.2396948502115934,0.09790334890935655,0.23969485021159245,0.23969485021159245,3.329284429550171,6.811177968978882,119.28633093833923,4576,arm64,1.6627633750210111,1.2933900505304337,11.254508972167969,51.983706342445956,34.52099943161011,591.089111328125,49.07593304859159,33.41619682312012,367.96978759765625,1578.9396263790456,982.1402893066406,12776.64453125,1401.2233605853137,890.6121826171875,9286.9287109375,,5,20
helmholtz2d,LPA,LPA_P5_N20,2,10,1,1235,5.0,20.0,,,0.01,200,40000,200,10000,171,,0.04439575037568197,0.10883544005909425,0.04439575037568197,0.10883544005909403,0.10883544005909403,1.695216178894043,6.170377969741821,338.9496099948883,11730,arm64,1.2340512998086681,0.9099494069814682,11.840258598327637,43.84857007678038,25.040059089660645,541.13671875,38.651314373294,24.047138929367065,471.4638671875,1355.6269363748272,739.3391799926758,11467.64453125,1339.348862320792,773.1352157592773,16427.1015625,,5,20
helmholtz2d,LPA,LPA_P5_N20,2,10,2,1236,5.0,20.0,,,0.01,200,40000,200,10000,171,,0.09020094985243994,0.2209960748155254,0.09020094985243994,0.22099607481552436,0.22099607481552436,3.97037935256958,6.812329292297363,228.18393397331238,8027,arm64,1.8451949615901346,1.4004981368780136,17.43207359313965,55.62246252551521,33.692933082580566,504.6061096191406,55.701596172480635,35.764283657073975,538.2300415039062,1519.5244578897043,876.9453887939453,10933.771484375,1631.8622510034356,1020.9589080810547,11213.671875,,5,20
helmholtz2d,LPA,LPA_P5_N20,2,10,3,1237,5.0,20.0,,,0.01,200,40000,200,10000,171,,0.05829512682559683,0.1470561440227187,0.05829512682559683,0.14705614402271805,0.14705614402271805,13.196087837219238,6.633782863616943,229.89202404022217,7690,arm64,3.292255473691202,2.457934617996216,26.7172794342041,93.85805621680471,60.044471740722656,767.7288818359375,100.88495572676923,59.947606563568115,1082.929931640625,2424.875782901054,1566.542724609375,16033.806640625,2482.82881759899,1535.6109466552734,20397.724609375,,5,20
helmholtz2d,LPA,LPA_P5_N20,2,10,4,1238,5.0,20.0,,,0.01,200,40000,200,10000,171,,0.015919730398061525,0.039727568354755154,0.015919730398061525,0.03972756835475519,0.03972756835475519,0.7968460917472839,6.533196210861206,164.33478593826294,5682,arm64,0.8992860477230846,0.6043557375669479,15.541969299316406,29.44918908652671,15.146880865097046,569.918701171875,30.76891849029237,15.609939813613892,611.5365600585938,753.7224652930945,384.2852363586426,10433.73828125,880.6103352221118,426.06021881103516,11855.2236328125,,5,20
helmholtz2d,LPA,LPA_P5_N30,2,10,0,1234,5.0,30.0,,,0.01,200,40000,200,10000,181,,0.015408592950038047,0.03900046142269462,0.015408592950038047,0.039000461422694484,0.039000461422694484,2.2744362354278564,7.026216983795166,168.9987509250641,5662,arm64,1.4066903113753473,0.9584092423319817,21.157596588134766,41.41439723059642,21.560192346572876,726.1640625,43.219701661329594,23.3005313873291,714.3270263671875,987.9805041408965,511.65760803222656,11886.3671875,1047.8850910584138,559.2723159790039,12562.3740234375,,5,30
helmholtz2d,LPA,LPA_P5_N30,2,10,1,1235,5.0,30.0,,,0.01,200,40000,200,10000,181,,0.04299483115591739,0.10736463146652209,0.04299483115591739,0.10736463146652196,0.10736463146652196,4.712745189666748,7.228793144226074,287.45742297172546,9389,arm64,2.0170578632021896,1.4966329783201218,17.56389045715332,61.233049312646514,36.32769775390625,718.2218627929688,57.976370898147216,38.20953035354614,467.80810546875,1570.0282143165452,913.6196975708008,14316.974609375,1461.1037726236286,957.595588684082,10437.404296875,,5,30
helmholtz2d,LPA,LPA_P5_N30,2,10,2,1236,5.0,30.0,,,0.01,200,40000,200,10000,181,,0.015562498958016846,0.04040728629234964,0.015562498958016846,0.04040728629234948,0.04040728629234948,0.635375440120697,7.779067754745483,221.75813698768616,7557,arm64,0.7516836600081471,0.5115055069327354,12.290042877197266,25.33432008260438,13.948148012161255,462.8330993652344,27.07107725177883,14.087059140205383,516.4721069335938,798.962635527313,416.64134216308594,9536.8369140625,794.7931138038376,407.0156669616699,10548.4853515625,,5,30
helmholtz2d,LPA,LPA_P5_N30,2,10,3,1237,5.0,30.0,,,0.01,200,40000,200,10000,181,,0.008762873787691451,0.022755186767940666,0.008762873787691451,0.022755186767940663,0.022755186767940663,0.949948251247406,7.441589832305908,211.41257095336914,7274,arm64,0.893083404329194,0.6421924456954002,13.208702087402344,30.77488359170523,17.174152970314026,509.2921142578125,31.404506714676916,17.558844089508057,553.0445556640625,908.9469396298664,489.1387519836426,9817.931640625,1024.4991154217753,511.8106346130371,11088.671875,,5,30
helmholtz2d,LPA,LPA_P5_N30,2,10,4,1238,5.0,30.0,,,0.01,200,40000,200,10000,181,,0.07179502537763212,0.1795125534132666,0.07179502537763212,0.17951255341326658,0.17951255341326658,8.298750877380371,7.555132865905762,172.59403705596924,6069,arm64,2.729940164070993,2.0292269587516785,30.23366355895996,84.17026520643662,51.80961036682129,907.1000366210938,69.73036579263169,46.54188394546509,783.2719116210938,2009.633237682936,1282.441665649414,13772.8134765625,1657.695916023201,1134.4532623291016,13028.3203125,,5,30
helmholtz2d,LPA,LPA_P5_N40,2,10,0,1234,5.0,40.0,,,0.01,200,40000,200,10000,191,,0.016957754477355497,0.0423805319207735,0.016957754477355497,0.04238053192077338,0.04238053192077338,0.9943665266036987,8.227006912231445,238.81402492523193,8419,arm64,0.8853289387755873,0.662308543920517,7.65377140045166,28.97916110870798,17.769468307495117,396.45965576171875,28.48804075724625,17.114464282989502,559.388671875,829.0572700551211,484.0617980957031,11459.9873046875,865.8564131107421,461.9986343383789,17518.3671875,,5,40
helmholtz2d,LPA,LPA_P5_N40,2,10,1,1235,5.0,40.0,,,0.01,200,40000,200,10000,191,,0.016844017415356866,0.04164596101195076,0.016844017415356866,0.04164596101195068,0.04164596101195068,1.0422848463058472,7.599346160888672,311.8595631122589,11801,arm64,0.9291646833712248,0.7017338797450066,6.215909004211426,28.792113135520182,17.84721827507019,281.9146728515625,26.783696564745565,17.957228422164917,195.00091552734375,873.415109283667,507.8401679992676,7234.8369140625,786.6428221801175,488.8177032470703,6651.154296875,,5,40
helmholtz2d,LPA,LPA_P5_N40,2,10,2,1236,5.0,40.0,,,0.01,200,40000,200,10000,191,,0.00773864478867617,0.020199441888748976,0.00773864478867617,0.0201994418887489,0.0201994418887489,0.2505238950252533,7.411219835281372,188.07476615905762,6963,arm64,0.4772608732679156,0.3390842415392399,6.33637809753418,18.26854155842762,9.263210535049438,300.7202453613281,14.542559088983182,8.527764320373535,211.8061065673828,646.6720031727831,296.17566680908203,7267.55078125,470.56563163056757,250.2560043334961,5311.17041015625,,5,40
helmholtz2d,LPA,LPA_P5_N40,2,10,3,1237,5.0,40.0,,,0.01,200,40000,200,10000,191,,0.06058924586786512,0.14975340922429012,0.06058924586786512,0.14975340922428923,0.14975340922428923,19.49336814880371,7.568434953689575,139.91647005081177,5397,arm64,3.798282958778105,3.0075599253177643,18.753808975219727,111.87786854737234,69.63899993896484,936.6674194335938,85.2524070064337,62.13549089431763,582.840576171875,2852.658266862682,1700.0408020019531,16590.9140625,2325.0165590808165,1534.9044952392578,17661.638671875,,5,40
helmholtz2d,LPA,LPA_P5_N40,2,10,4,1238,5.0,40.0,,,0.01,200,40000,200,10000,191,,0.8610745720933443,2.0560553357650515,0.8610745720933443,2.0560553357650453,2.0560553357650453,188.33981323242188,6.67484188079834,150.7229950428009,6140,arm64,9.912268413902689,7.469062328338623,38.70623016357422,203.88929646953943,152.91949272155762,1035.8328857421875,190.1583812534633,145.77597045898438,739.7216796875,3895.873249349881,3107.5081176757812,13399.1484375,3477.2224547762257,2795.0326232910156,9929.65625,,5,40
helmholtz2d,LPA,LPA_P6_N10,2,10,0,1234,6.0,10.0,,,0.01,200,40000,200,10000,161,,0.365874971055102,0.8904872331750168,0.365874971055102,0.8904872331750149,0.8904872331750149,178.08909606933594,8.637864112854004,176.69437408447266,6021,arm64,11.638843948006388,9.170266151428223,75.03271484375,273.4377267856202,185.9060401916504,2582.00341796875,250.60150100246307,178.4923610687256,2396.494873046875,4713.919361847421,3306.434356689453,36481.82421875,4528.045742922657,3246.6349182128906,31647.50390625,,6,10
helmholtz2d,LPA,LPA_P6_N10,2,10,1,1235,6.0,10.0,,,0.01,200,40000,200,10000,161,,0.0037492444147449715,0.009850410584692725,0.0037492444147449715,0.009850410584692708,0.009850410584692708,0.7299168109893799,7.043647050857544,139.63318991661072,5060,arm64,0.7683166440631507,0.5084112547338009,12.79442310333252,28.115724517588475,13.852665781974792,457.2022399902344,28.87963222322322,13.100495100021362,477.28082275390625,788.5720976074414,356.14682388305664,8749.3076171875,809.8070227297983,345.72020721435547,9365.4384765625,,6,10
helmholtz2d,LPA,LPA_P6_N10,2,10,2,1236,6.0,10.0,,,0.01,200,40000,200,10000,161,,0.00861956590744484,0.022072156560794885,0.00861956590744484,0.02207215656079487,0.02207215656079487,0.77518230676651,6.6361682415008545,257.54103207588196,9001,arm64,0.8108973744926282,0.6364473029971123,6.00630521774292,26.70277057231689,17.485440254211426,251.0716552734375,24.0597473948117,15.251309514045715,274.246337890625,857.9105476752807,525.4573860168457,6245.10693359375,835.1195835028658,445.8606071472168,8519.2255859375,,6,10
helmholtz2d,LPA,LPA_P6_N10,2,10,3,1237,6.0,10.0,,,0.01,200,40000,200,10000,161,,0.013578935563982352,0.03364322644323937,0.013578935563982352,0.033643226443239346,0.033643226443239346,2.3121700286865234,6.712435007095337,274.6736319065094,9553,arm64,1.4098361965071375,1.0535524487495422,14.710297584533691,46.1567642296909,26.33198308944702,663.1708374023438,48.15828324765458,27.432754278182983,647.8748779296875,1299.6157124319482,689.1321182250977,13748.970703125,1322.196521181704,713.8535766601562,13019.9736328125,,6,10
helmholtz2d,LPA,LPA_P6_N10,2,10,4,1238,6.0,10.0,,,0.01,200,40000,200,10000,161,,0.027866669625403243,0.06832841098070735,0.027866669625403243,0.06832841098070708,0.06832841098070708,0.9473749995231628,6.745575904846191,102.98565983772278,3756,arm64,0.9178090585638253,0.6594325602054596,6.643127918243408,29.60272448089693,17.963735342025757,488.1297912597656,31.618155963940378,17.574190616607666,335.8802490234375,1138.6008032065058,551.2993087768555,19689.20703125,963.0139983081762,499.27771377563477,7683.7890625,,6,10
helmholtz2d,LPA,LPA_P6_N20,2,10,0,1234,6.0,20.0,,,0.01,200,40000,200,10000,171,,0.1778209487883944,0.43408904518541774,0.1778209487883944,0.434089045185417,0.434089045185417,19.869705200195312,6.612000942230225,221.33190608024597,7397,arm64,4.171886144044543,3.1303389072418213,20.40869903564453,102.18097563747648,68.66258573532104,664.7897338867188,96.54337644373254,69.87371063232422,883.2758178710938,2457.700373316487,1645.8584747314453,18386.666015625,2517.5659251546917,1828.9535217285156,18776.453125,,6,20
helmholtz2d,LPA,LPA_P6_N20,2,10,1,1235,6.0,20.0,,,0.01,200,40000,200,10000,171,,0.1913965763544265,0.46539025800566564,0.1913965763544265,0.46539025800566364,0.46539025800566364,274.144287109375,6.926750183105469,37.542508602142334,1386,arm64,15.309572025548878,12.540174841880798,121.95185852050781,350.63279430953475,243.7380142211914,3414.28173828125,324.2229743700699,236.6778392791748,3209.456298828125,6679.452672188044,4517.086242675781,43879.7109375,6187.496545453581,4362.9107666015625,41373.94140625,,6,20
helmholtz2d,LPA,LPA_P6_N20,2,10,2,1236,6.0,20.0,,,0.01,200,40000,200,10000,171,,0.005112277358421676,0.012455553881896257,0.005112277358421676,0.012455553881896213,0.012455553881896213,0.3324948847293854,6.954164981842041,187.11044025421143,6326,arm64,0.5590944996738637,0.2918298952281475,13.067767143249512,21.348136841999956,7.969313383102417,475.8159484863281,22.64634052212828,8.027271807193756,509.814453125,667.6486579547285,237.3426113128662,9945.955078125,685.1767464152042,237.1586036682129,10374.375,,6,20
helmholtz2d,LPA,LPA_P6_N20,2,10,3,1237,6.0,20.0,,,0.01,200,40000,200,10000,171,,0.9996566591988989,2.3932709047055005,0.9996566591988989,2.3932709047054956,2.3932709047054956,273.7000732421875,6.856543064117432,58.11259913444519,2071,arm64,13.370422506910755,10.66394054889679,41.34733200073242,231.56996867172782,187.01593399047852,1153.468505859375,221.56897028634222,181.751314163208,775.8191528320312,3835.3346170836253,3181.156982421875,15784.2275390625,3725.163754789848,3163.1761474609375,10958.8291015625,,6,20
helmholtz2d,LPA,LPA_P6_N20,2,10,4,1238,6.0,20.0,,,0.01,200,40000,200,10000,171,,0.00415007453851597,0.010427901415854117,0.00415007453851597,0.010427901415854054,0.010427901415854054,0.35236233472824097,6.865091800689697,207.7574861049652,6796,arm64,0.5535651743402062,0.3468460664153099,10.703633308410645,20.665113616343056,9.308745920658112,430.07696533203125,20.05002926565113,9.230140805244446,392.9930725097656,630.7128376636629,251.91727256774902,9048.734375,628.2363023277945,252.0603256225586,8642.884765625,,6,20
helmholtz2d,LPA,LPA_P6_N30_lr0.001,2,10,0,1234,6.0,30.0,,,0.001,200,40000,200,10000,181,,0.046071270084705934,0.11391945696258923,0.046071270084705934,0.11391945696258896,0.11391945696258896,5.00916051864624,7.691826343536377,212.61036705970764,6573,arm64,1.892884071272941,1.470977634191513,17.8961238861084,56.78370989529177,34.12847137451172,893.8795166015625,56.54967239514343,35.40903854370117,1101.3087158203125,1553.7533386931145,854.6176986694336,24712.732421875,1497.9962502039182,842.5700302124023,28024.328125,,6,30
helmholtz2d,LPA,LPA_P6_N30_lr0.001,2,10,1,1235,6.0,30.0,,,0.001,200,40000,200,10000,181,,0.06071050374256628,0.14777883602109823,0.06071050374256628,0.14777883602109812,0.14777883602109812,1.19893217086792,7.700881004333496,359.93835616111755,10888,arm64,0.9981916065123234,0.7672452926635742,11.117162704467773,28.358487874597465,17.169487476348877,425.45989990234375,38.371376288980656,22.551518440246582,441.9623718261719,841.7472156176104,495.36058807373047,7863.8857421875,1289.5904449184632,671.3816604614258,10894.1328125,,6,30
helmholtz2d,LPA,LPA_P6_N30_lr0.001,2,10,2,1236,6.0,30.0,,,0.001,200,40000,200,10000,181,,0.28156484076609534,0.6813483742698162,0.28156484076609534,0.681348374269814,0.681348374269814,42.94146728515625,8.27319073677063,187.72223091125488,5828,arm64,5.501416045744684,4.235289931297302,44.25148010253906,139.44381140117312,95.86495208740234,1680.328857421875,137.08714830526145,94.47329521179199,1632.5804443359375,2935.2314644674957,2085.1942596435547,25032.423828125,2973.6933790322096,2110.633056640625,24383.24609375,,6,30
helmholtz2d,LPA,LPA_P6_N30_lr0.001,2,10,3,1237,6.0,30.0,,,0.001,200,40000,200,10000,181,,0.010065325550152271,0.024714773426418448,0.010065325550152271,0.02471477342641839,0.02471477342641839,0.7290801405906677,8.586775064468384,320.02316093444824,10158,arm64,0.7728869545029169,0.5338330045342445,14.936155319213867,25.0103019850481,12.739880561828613,549.545654296875,25.01498825911697,12.911056756973267,553.4097290039062,673.4753890153485,306.99773025512695,10856.8984375,668.3382742504914,310.6943168640137,10816.5654296875,,6,30
helmholtz2d,LPA,LPA_P6_N30_lr0.001,2,10,4,1238,6.0,30.0,,,0.001,200,40000,200,10000,181,,0.0071339309036764715,0.017908424528454824,0.0071339309036764715,0.017908424528454744,0.017908424528454744,1.0104037523269653,8.480275869369507,114.69744920730591,3676,arm64,0.9040907425067134,0.6226130425930023,12.82181453704834,32.33037634892735,16.404918432235718,548.3385009765625,31.011857379988356,16.8283611536026,478.802734375,959.9136639237406,444.0538558959961,10981.50390625,921.8439676980319,448.6870765686035,9793.453125,,6,30
helmholtz2d,LPA,LPA_P6_N30_lr0.003,2,10,0,1234,6.0,30.0,,,0.003,200,40000,200,10000,181,,0.01903945249447672,0.047036844761198536,0.01903945249447672,0.04703684476119814,0.04703684476119814,1.317219614982605,8.869658946990967,144.28528380393982,4347,arm64,1.0277463573712784,0.7123101651668549,13.44163703918457,36.70508472444801,18.577439308166504,660.901611328125,28.752388365681156,16.2638658285141,403.126220703125,1033.4871453905462,492.72440338134766,12148.09765625,843.1043270260211,422.68515396118164,7950.9970703125,,6,30
helmholtz2d,LPA,LPA_P6_N30_lr0.003,2,10,1,1235,6.0,30.0,,,0.003,200,40000,200,10000,181,,0.013685623327282003,0.03437391713016793,0.013685623327282003,0.03437391713016781,0.03437391713016781,0.8176370859146118,8.512735843658447,197.82675576210022,6109,arm64,0.8207175480965567,0.6030463352799416,6.6122918128967285,27.660960271554767,15.673114776611328,299.93695068359375,25.2843699186398,15.347490191459656,282.614013671875,809.9388383544772,445.301944732666,6363.302734375,731.4949749912845,415.5726852416992,6337.486328125,,6,30
helmholtz2d,LPA,LPA_P6_N30_lr0.003,2,10,2,1236,6.0,30.0,,,0.003,200,40000,200,10000,181,,0.0030073381579158683,0.007619222724806989,0.0030073381579158683,0.00761922272480697,0.00761922272480697,0.26759403944015503,8.871057033538818,166.043359041214,5167,arm64,0.5153906354604931,0.3502776585519314,10.198173522949219,18.336190636817182,9.439759492874146,397.4549865722656,18.94275418656129,9.59745705127716,415.772705078125,563.3220382250281,253.0853977203369,8770.6328125,571.314094804141,255.59007835388184,8895.6572265625,,6,30
helmholtz2d,LPA,LPA_P6_N30_lr0.003,2,10,3,1237,6.0,30.0,,,0.003,200,40000,200,10000,181,,0.005229171439229689,0.012992823028883008,0.005229171439229689,0.012992823028882987,0.012992823028882987,0.20961284637451172,8.467367887496948,98.65240812301636,3128,arm64,0.3653482792455033,0.23367462866008282,6.008401870727539,15.832845994911464,6.9232823848724365,333.4041748046875,15.687707724848723,6.701666593551636,352.32904052734375,536.9135245200106,202.29050827026367,8700.2529296875,531.9965306219111,193.4513454437256,8829.71484375,,6,30
helmholtz2d,LPA,LPA_P6_N30_lr0.003,2,10,4,1238,6.0,30.0,,,0.003,200,40000,200,10000,181,,0.013332326727790207,0.03323822435378987,0.013332326727790207,0.03323822435378981,0.03323822435378981,0.41802364587783813,8.332423210144043,102.92725801467896,3199,arm64,0.6129262528479158,0.45332591608166695,7.064397811889648,18.715426702463223,11.423313975334167,315.32037353515625,21.469202472743923,12.439689755439758,299.47235107421875,555.6979300421453,301.06258392333984,7392.9375,713.0233042628236,345.726806640625,11693.9560546875,,6,30
helmholtz2d,LPA,LPA_P6_N30_lr0.03,2,10,0,1234,6.0,30.0,,,0.03,200,40000,200,10000,181,,0.004968019305402373,0.012075567671260862,0.004968019305402373,0.012075567671260829,0.012075567671260829,0.30140939354896545,8.32896089553833,179.1224980354309,6240,arm64,0.4908763929358959,0.34965861588716507,9.936844825744629,17.450086692878898,9.305742740631104,382.10699462890625,17.233862612483584,9.114119172096252,391.0392150878906,508.9651687185971,239.30288696289062,8035.01123046875,503.74616061657235,237.2159252166748,8016.21337890625,,6,30
helmholtz2d,LPA,LPA_P6_N30_lr0.03,2,10,1,1235,6.0,30.0,,,0.03,200,40000,200,10000,181,,0.005841252596006275,0.014376025994438124,0.005841252596006275,0.01437602599443809,0.01437602599443809,0.6599949598312378,8.43302583694458,111.21325206756592,3638,arm64,0.7244848082578949,0.5324213802814484,7.441768169403076,25.571270471070434,13.930702567100525,372.73077392578125,25.418080933626534,13.577749848365784,424.7691650390625,782.3728006639482,363.0861625671387,9145.0986328125,781.4067392769914,361.2143135070801,9918.7275390625,,6,30
helmholtz2d,LPA,LPA_P6_N30_lr0.03,2,10,2,1236,6.0,30.0,,,0.03,200,40000,200,10000,181,,0.0032281660205815393,0.008199672482175326,0.0032281660205815393,0.008199672482175317,0.008199672482175317,0.31828543543815613,8.603395223617554,279.35883688926697,12097,arm64,0.49724533619510747,0.325739961117506,9.572723388671875,19.543138910834134,9.29497218132019,378.8537902832031,19.385301226464012,9.216142773628235,358.7659912109375,633.3805860593416,267.2416477203369,8542.2021484375,641.6434343737961,268.7888946533203,8167.8251953125,,6,30
helmholtz2d,LPA,LPA_P6_N30_lr0.03,2,10,3,1237,6.0,30.0,,,0.03,200,40000,200,10000,181,,0.8955034012815373,2.144604151205448,0.8955034012815373,2.144604151205446,2.144604151205446,272.86669921875,8.442463159561157,66.13452625274658,2124,arm64,13.908061186038472,11.458620309829712,79.92339324951172,265.6905314385399,208.61402130126953,2552.157958984375,249.41950476149364,199.42132949829102,2319.7021484375,4867.805563084869,3799.875213623047,35532.6484375,4750.145287251749,3693.6202392578125,34819.359375,,6,30
helmholtz2d,LPA,LPA_P6_N30_lr0.03,2,10,4,1238,6.0,30.0,,,0.03,200,40000,200,10000,181,,0.01532945656481173,0.03889566727775417,0.01532945656481173,0.038895667277754155,0.038895667277754155,0.9416078329086304,7.996140718460083,162.67936992645264,7114,arm64,0.9085785243758667,0.6636237055063248,14.721841812133789,30.726856237074877,17.437052488327026,563.8939208984375,29.244662197208033,16.758589029312134,524.4478149414062,881.2167679904304,466.80857849121094,10509.9892578125,871.2087239146541,472.59879302978516,10397.1044921875,,6,30
helmholtz2d,LPA,LPA_P6_N40,2,10,0,1234,6.0,40.0,,,0.01,200,40000,200,10000,191,,0.007869970018740055,0.019814757732268613,0.007869970018740055,0.019814757732268557,0.019814757732268557,0.6430945992469788,7.860367059707642,299.8426241874695,9902,arm64,0.682827408254661,0.47000934928655624,6.464700222015381,25.148810799545725,13.374672412872314,339.2405700683594,24.2542371685832,12.953437447547913,351.80438232421875,834.6704299078169,409.5458221435547,9014.6767578125,781.2540199896574,383.22827529907227,10006.0712890625,,6,40
helmholtz2d,LPA,LPA_P6_N40,2,10,1,1235,6.0,40.0,,,0.01,200,40000,200,10000,191,,0.012368489208182567,0.031833823065527116,0.012368489208182567,0.031833823065527074,0.031833823065527074,0.9282675981521606,7.945935010910034,287.5228202342987,9107,arm64,0.8254872161305992,0.5730339884757996,11.388596534729004,25.82101204021178,14.135227680206299,436.77838134765625,26.5672972173141,13.746405124664307,457.8155517578125,649.687821668992,322.3285369873047,7800.82861328125,676.3021597837205,318.50809478759766,8378.048828125,,6,40
helmholtz2d,LPA,LPA_P6_N40,2,10,2,1236,6.0,40.0,,,0.01,200,40000,200,10000,191,,0.5108560916127609,1.2387621637190078,0.5108560916127609,1.2387621637190067,1.2387621637190067,462.09979248046875,8.296372890472412,69.61049485206604,2235,arm64,18.109144655331047,15.153246402740479,55.91151428222656,346.42026217713504,279.2941551208496,1412.635986328125,344.500766792053,276.6214904785156,1481.1246337890625,5729.519460652874,4669.599426269531,21599.125,5592.1390138300385,4519.60791015625,16395.544921875,,6,40
helmholtz2d,LPA,LPA_P6_N40,2,10,3,1237,6.0,40.0,,,0.01,200,40000,200,10000,191,,0.47996763149825544,1.152467028876245,0.47996763149825544,1.1524670288762455,1.1524670288762455,119.84110260009766,8.310985803604126,73.30012106895447,2432,arm64,9.611191591821342,7.36935418844223,67.6393051147461,223.75265252443097,165.3663730621338,1971.269775390625,214.66846713304216,159.31785583496094,1999.013916015625,4753.412484731364,3568.558319091797,28020.712890625,4667.375467004985,3545.216552734375,26280.5078125,,6,40
helmholtz2d,LPA,LPA_P6_N40,2,10,4,1238,6.0,40.0,,,0.01,200,40000,200,10000,191,,0.15701545799950994,0.3812874393907143,0.15701545799950994,0.38128743939071347,0.38128743939071347,31.39797592163086,7.86276912689209,203.43584513664246,6667,arm64,4.927728423887236,3.492027699947357,78.15223693847656,129.58550629751312,80.83884716033936,2005.766357421875,120.09155646253299,76.16887283325195,2066.828125,2685.708554087729,1792.5920715332031,25852.46484375,2527.5007789316305,1679.992172241211,27461.30078125,,6,40
helmholtz2d,LPA,LPA_P6_N30,2,10,0,1234,6.0,30.0,,,0.01,200,40000,200,10000,181,,0.0028642681283493013,0.00715208939096493,0.0028642681283493013,0.007152089390964924,0.007152089390964924,0.40667638182640076,8.28492283821106,152.06630778312683,4762,arm64,0.5898368184522371,0.4089321941137314,12.19577693939209,21.106041883007936,10.774534702301025,460.73089599609375,21.10739124162092,10.61015784740448,447.49249267578125,649.7772605141319,287.1450843811035,9292.080078125,652.4892360223271,282.9503517150879,9184.2998046875,,6,30
helmholtz2d,LPA,LPA_P6_N30,2,10,1,1235,6.0,30.0,,,0.01,200,40000,200,10000,181,,0.43756602379589404,1.060251940554512,0.43756602379589404,1.0602519405545083,1.0602519405545083,50.181480407714844,8.425074100494385,97.21952295303345,3074,arm64,5.627221813096229,4.294969201087952,55.17205810546875,134.5858973649589,94.6992301940918,1615.537353515625,141.54982093468232,95.42437744140625,1809.5235595703125,2760.3407737994958,2051.5958862304688,22110.986328125,3019.873817728151,2089.5511169433594,23675.744140625,,6,30
helmholtz2d,LPA,LPA_P6_N30,2,10,2,1236,6.0,30.0,,,0.01,200,40000,200,10000,181,,0.017052348309032926,0.04426895776886366,0.017052348309032926,0.0442689577688636,0.0442689577688636,1.489635944366455,8.622745037078857,143.99394297599792,4584,arm64,1.0868610804446843,0.8156164437532425,14.864128112792969,36.257397021934054,20.810913562774658,547.19287109375,32.43416547449395,19.36678957939148,524.2349853515625,1075.9322266063043,577.9633560180664,10667.642578125,944.1679289856228,513.9475898742676,11198.1044921875,,6,30
helmholtz2d,LPA,LPA_P6_N30,2,10,3,1237,6.0,30.0,,,0.01,200,40000,200,10000,181,,0.21563186083595257,0.5172125459358811,0.21563186083595257,0.5172125459358795,0.5172125459358795,41.46511459350586,8.80940580368042,177.4892680644989,5669,arm64,5.729053096223559,4.401844382286072,67.39156341552734,141.64886688307044,97.99267387390137,1969.134521484375,143.15872922364773,100.07164478302002,1963.327880859375,2986.9509851184366,2133.833297729492,26263.9296875,3050.73668357333,2194.802734375,25609.654296875,,6,30
helmholtz2d,LPA,LPA_P6_N30,2,10,4,1238,6.0,30.0,,,0.01,200,40000,200,10000,181,,0.9737017679510207,2.3275051333571257,0.9737017679510207,2.3275051333571213,2.3275051333571213,272.78131103515625,8.382268905639648,51.66991209983826,1613,arm64,13.799816193946002,11.075596451759338,76.20683288574219,251.0833587224445,197.2286605834961,2304.013916015625,249.3313421214078,196.92091751098633,2170.83203125,4371.6090001279845,3432.927764892578,33363.69140625,4364.075002219829,3459.9691162109375,31039.0,,6,30
helmholtz2d,LPA,LPA_P6_N30,2,10,5,1239,6.0,30.0,,,0.01,200,40000,200,10000,181,,0.008195930521487439,0.021548016924798356,0.008195930521487439,0.02154801692479835,0.02154801692479835,0.3516693413257599,6.951113224029541,121.50990509986877,4016,arm64,0.5587914757141463,0.38618597760796547,9.673761367797852,18.919878324315004,9.375748753547668,385.4242248535156,18.909188286573922,9.511098504066467,337.2247314453125,509.95068025159304,243.37149620056152,7078.76953125,572.8931391002383,262.7006149291992,6776.72412109375,"[[0.0, 1.0], [0.0, 1.0]]",6,30
helmholtz2d,LPA,LPA_P6_N30,2,10,6,1240,6.0,30.0,,,0.01,200,40000,200,10000,181,,0.07059498152646379,0.17357930998584317,0.07059498152646379,0.1735793099858429,0.1735793099858429,28.06584930419922,7.813699960708618,105.70393300056458,3519,arm64,4.768927808573945,3.521442472934723,40.7169189453125,139.44475289995003,89.71268081665039,1428.933349609375,140.4857835195211,88.8729419708252,1654.937255859375,3753.5073764413996,2250.357879638672,63197.43359375,3886.3308048852455,2292.056610107422,56410.8125,"[[0.0, 1.0], [0.0, 1.0]]",6,30
helmholtz2d,LPA,LPA_P6_N30,2,10,7,1241,6.0,30.0,,,0.01,200,40000,200,10000,181,,1.000841936743594,2.392203997829029,1.000841936743594,2.3922039978290197,2.3922039978290197,268.2672119140625,7.765509843826294,113.39543867111206,3739,arm64,13.276138794180657,10.716062545776367,40.375274658203125,232.80942321792412,193.73796844482422,759.6668701171875,228.86866478977905,185.3363971710205,981.0042114257812,3858.6224873651477,3304.017608642578,11864.7060546875,3846.7350279165316,3147.1862182617188,22257.46484375,"[[0.0, 1.0], [0.0, 1.0]]",6,30
helmholtz2d,LPA,LPA_P6_N30,2,10,8,1242,6.0,30.0,,,0.01,200,40000,200,10000,181,,0.0312900654811767,0.07846923232604754,0.0312900654811767,0.0784692323260472,0.0784692323260472,3.5070714950561523,7.883594036102295,107.80535101890564,3651,arm64,1.697815168502567,1.1979507356882095,16.023361206054688,50.824592080569126,29.055465936660767,573.2584228515625,57.238627407803,29.89929699897766,688.5167236328125,1341.2337429117267,702.5298461914062,11226.2529296875,1526.3159281420083,750.2649765014648,17790.09375,"[[0.0, 1.0], [0.0, 1.0]]",6,30
helmholtz2d,LPA,LPA_P6_N30,2,10,9,1243,6.0,30.0,,,0.01,200,40000,200,10000,181,,0.0019899308598374825,0.005095431518466281,0.0019899308598374825,0.005095431518466257,0.005095431518466257,0.14272728562355042,7.746047258377075,265.6215190887451,8118,arm64,0.32499325549252506,0.2306135781109333,4.4491496086120605,13.091862945412686,6.319728672504425,225.40545654296875,12.47171883864049,6.265824139118195,215.12405395507812,460.30057689921483,174.99733352661133,6061.96923828125,456.5504532976065,176.48447608947754,6092.64599609375,"[[0.0, 1.0], [0.0, 1.0]]",6,30
