benchmark,key,key_id,nh,nn,trial,seed,lpa_order,lpa_panels,ff_sigma,ff_features,lr,adam_steps,lbfgs_maxiter,N_b,N_r,n_params,lpa_ref_params,l1_absolute,l2_relative,l1_absolute_c0,l2_relative_c0,l2_relative_sum,final_loss,time_adam,time_lbfgs,lbfgs_steps,machine,rms_r,mean_abs_r,max_abs_r,rms_r_x,mean_abs_r_x,max_abs_r_x,rms_r_y,mean_abs_r_y,max_abs_r_y,rms_r_xx,mean_abs_r_xx,max_abs_r_xx,rms_r_yy,mean_abs_r_yy,max_abs_r_yy,domain,P,N_panel,dof
helmholtz2d,LPA,LPA_P1_N105,2,10,0,1234,1.0,105.0,,,0.01,200,40000,200,10000,256,,0.11797938127226583,0.2986468893379707,0.11797938127226583,0.29864688933797057,0.29864688933797057,56.50566482543945,4.09147310256958,142.99356174468994,10460,arm64,6.8683850108980105,5.063381016254425,39.32557678222656,184.4739392904693,118.30528926849365,1295.08056640625,127.77855505075715,92.41151905059814,981.1431274414062,3585.4540333129357,2409.682861328125,16272.765625,2859.802899676829,2079.1861572265625,13577.0986328125,,1,105,210
helmholtz2d,LPA,LPA_P1_N105,2,10,1,1235,1.0,105.0,,,0.01,200,40000,200,10000,256,,0.06203883241176052,0.15654299366120022,0.06203883241176052,0.1565429936611995,0.1565429936611995,7.4864277839660645,3.856137990951538,202.38334012031555,14481,arm64,2.5357730979066777,1.8375458419322968,22.557159423828125,65.755614066405,44.9606990814209,690.4223022460938,67.95608897881687,45.14049053192139,818.4269409179688,1695.3704794233029,1178.9530944824219,11096.8896484375,1793.5676649488305,1192.4712219238281,11111.2001953125,,1,105,210
helmholtz2d,LPA,LPA_P1_N105,2,10,2,1236,1.0,105.0,,,0.01,200,40000,200,10000,256,,0.11152227042825745,0.27144071971540484,0.11152227042825745,0.27144071971540423,0.27144071971540423,9.996065139770508,3.7582359313964844,96.93179488182068,7395,arm64,2.745962223902403,1.917281985282898,19.748048782348633,68.99989385182053,45.02624177932739,546.9668579101562,78.32207876749018,48.98671197891235,647.2019653320312,1798.7410614788332,1179.6952209472656,11957.546875,1920.071149397855,1236.5344543457031,12848.2255859375,,1,105,210
helmholtz2d,LPA,LPA_P1_N105,2,10,3,1237,1.0,105.0,,,0.01,200,40000,200,10000,256,,1.0467735798512037,2.5339360266252737,1.0467735798512037,2.5339360266252635,2.5339360266252635,204.93063354492188,3.731398820877075,78.83361601829529,6046,arm64,10.766677029922585,8.51578414440155,78.67864990234375,234.88571127950982,180.81112670898438,1643.970703125,235.7596339080733,179.4528408050537,1677.855712890625,5242.861885459124,4102.918975830078,28630.357421875,5211.728671947533,4067.7391967773438,31678.86328125,,1,105,210
helmholtz2d,LPA,LPA_P1_N105,2,10,4,1238,1.0,105.0,,,0.01,200,40000,200,10000,256,,0.12853339006562697,0.3273004707075285,0.12853339006562697,0.3273004707075284,0.3273004707075284,39.398250579833984,3.6252999305725098,91.19979596138,6924,arm64,5.270326456819947,3.976262390613556,33.805641174316406,138.0980575038191,95.30479621887207,1014.799072265625,125.37444453625083,84.7066478729248,1113.4437255859375,3136.5510517126927,2228.611358642578,19836.25,3474.8489715381875,2182.818359375,37432.0234375,,1,105,210
helmholtz2d,LPA,LPA_P2_N70,2,10,0,1234,2.0,70.0,,,0.01,200,40000,200,10000,221,,0.41938502150057605,1.0945701849213842,0.41938502150057605,1.0945701849213831,1.0945701849213831,55.36686706542969,3.613144874572754,110.55535316467285,6542,arm64,6.148661821434519,4.901564657688141,23.81190299987793,140.21778235750918,101.98992156982422,877.9798583984375,150.68405141092197,108.49150848388672,1425.4365234375,3476.2461614505955,2376.0975341796875,21297.166015625,4074.4158630409834,2780.6121215820312,35949.85546875,,2,70,210
helmholtz2d,LPA,LPA_P2_N70,2,10,1,1235,2.0,70.0,,,0.01,200,40000,200,10000,221,,0.11267590885094812,0.2776301523068256,0.11267590885094812,0.27763015230682475,0.27763015230682475,18.96212387084961,4.303514719009399,122.64450216293335,7155,arm64,4.061411682484538,3.0493040084838867,31.082630157470703,121.888966547492,75.57349395751953,1143.5545654296875,98.04158040983332,63.928215980529785,1018.7014770507812,3150.9565214391646,1875.794662475586,21120.498046875,2211.177288233578,1489.5631256103516,11270.296875,,2,70,210
helmholtz2d,LPA,LPA_P2_N70,2,10,2,1236,2.0,70.0,,,0.01,200,40000,200,10000,221,,0.057052530994998005,0.14586475802308024,0.057052530994998005,0.14586475802307955,0.14586475802307955,4.989135265350342,4.534734725952148,119.37841987609863,6951,arm64,1.9228022207242348,1.5132473707199097,8.492905616760254,49.62655445037677,36.80270481109619,360.7236328125,46.36254764985377,35.570897579193115,389.567138671875,1284.6947108165425,930.3245544433594,9898.4189453125,1270.8814178061618,932.1964569091797,12250.5703125,,2,70,210
helmholtz2d,LPA,LPA_P2_N70,2,10,3,1237,2.0,70.0,,,0.01,200,40000,200,10000,221,,0.06505557935625154,0.16706899256891916,0.06505557935625154,0.1670689925689189,0.1670689925689189,26.293882369995117,4.529310941696167,50.338873863220215,3051,arm64,4.528965525414436,3.2231638431549072,42.33921432495117,118.4508011165659,82.55539131164551,885.1213989257812,132.0859779325809,86.71513080596924,1345.8785400390625,2750.464767543842,2110.9566040039062,17074.255859375,3614.991796325408,2333.566925048828,42713.1015625,,2,70,210
helmholtz2d,LPA,LPA_P2_N70,2,10,4,1238,2.0,70.0,,,0.01,200,40000,200,10000,221,,0.0686940346913927,0.16959018376636867,0.0686940346913927,0.16959018376636803,0.16959018376636803,16.821521759033203,4.754617214202881,79.74427700042725,4701,arm64,3.854817931678773,3.0000438392162323,23.542814254760742,100.76526308519671,70.96176242828369,981.0855102539062,101.7367060644281,71.89045333862305,822.1570434570312,2347.154167816848,1685.7318267822266,17248.875,2405.0520264642923,1745.1683349609375,14343.0244140625,,2,70,210
helmholtz2d,LPA,LPA_P3_N52,2,10,0,1234,3.0,52.0,,,0.01,200,40000,200,10000,203,,0.018687289950265147,0.04594484328683089,0.018687289950265147,0.04594484328683078,0.04594484328683078,2.412445545196533,5.589728832244873,48.45521092414856,2421,arm64,1.5238521745158384,1.119964674115181,24.74192237854004,45.672885462062325,30.20062494277954,725.6751098632812,43.755442951040926,30.559704542160034,736.1085205078125,1108.9147953911968,808.128532409668,10830.4619140625,1076.0961054315735,784.3113403320312,10971.9462890625,,3,52,208
helmholtz2d,LPA,LPA_P3_N52,2,10,1,1235,3.0,52.0,,,0.01,200,40000,200,10000,203,,0.009818091650954899,0.025167164296901988,0.009818091650954899,0.025167164296901943,0.025167164296901943,0.581170916557312,5.693002939224243,116.37711596488953,5525,arm64,0.7308303580546159,0.5725673660635948,4.135022163391113,23.29101881878909,15.841229438781738,365.2441711425781,22.89414143812169,15.536092638969421,308.20977783203125,846.3987590816754,468.2918891906738,17600.1875,877.4264347724543,465.6655158996582,17088.341796875,,3,52,208
helmholtz2d,LPA,LPA_P3_N52,2,10,2,1236,3.0,52.0,,,0.01,200,40000,200,10000,203,,0.1353007286290636,0.32908605186117185,0.1353007286290636,0.3290860518611711,0.3290860518611711,13.173470497131348,5.751598834991455,190.92713809013367,9211,arm64,3.170342606072062,2.357927232980728,27.382558822631836,88.96635503999005,62.40983724594116,889.824951171875,82.22743207675587,57.20569849014282,629.0079345703125,2554.6711994892808,1770.4410705566406,16564.3203125,2090.1937709217295,1545.0683135986328,11231.384765625,,3,52,208
helmholtz2d,LPA,LPA_P3_N52,2,10,3,1237,3.0,52.0,,,0.01,200,40000,200,10000,203,,0.020342782322526506,0.051310690212763674,0.020342782322526506,0.051310690212763514,0.051310690212763514,1.5323606729507446,5.721202850341797,153.85092902183533,7155,arm64,1.0974259525227938,0.793072909116745,8.876416206359863,32.351605302698985,17.90866470336914,359.481201171875,32.36747506962526,18.7912814617157,417.35369873046875,991.4988968728104,504.6357765197754,10610.712890625,924.309078954383,524.7563819885254,9284.740234375,,3,52,208
helmholtz2d,LPA,LPA_P3_N52,2,10,4,1238,3.0,52.0,,,0.01,200,40000,200,10000,203,,0.01799496757950135,0.04494143068970316,0.01799496757950135,0.04494143068970309,0.04494143068970309,2.1604883670806885,5.519064903259277,105.96256470680237,5061,arm64,1.3907903776521797,1.055067166686058,9.297834396362305,40.48552360362851,27.534271240234375,282.46630859375,42.19361970949463,28.2751145362854,338.843505859375,1216.944123614556,773.6376800537109,8307.1025390625,1123.9555985447112,740.8512420654297,7836.13427734375,,3,52,208
helmholtz2d,LPA,LPA_P4_N42,2,10,0,1234,4.0,42.0,,,0.01,200,40000,200,10000,193,,0.02553802239103213,0.06433117029466283,0.02553802239103213,0.06433117029466283,0.06433117029466283,4.53180456161499,7.018306016921997,70.7089478969574,2689,arm64,1.9224975632055588,1.5047414302825928,12.8197660446167,51.25340862568999,36.60700178146362,662.4378051757812,51.93644704107126,36.416014671325684,646.560791015625,1351.5133358110086,912.4189300537109,13551.8173828125,1302.1329437215695,884.3608551025391,14226.341796875,,4,42,210
helmholtz2d,LPA,LPA_P4_N42,2,10,1,1235,4.0,42.0,,,0.01,200,40000,200,10000,193,,0.060842306212324435,0.14800551763733774,0.060842306212324435,0.14800551763733721,0.14800551763733721,3.1603455543518066,7.0022289752960205,198.7603211402893,7684,arm64,1.570735845862972,1.1867906302213669,13.955366134643555,52.21644807281342,29.998480796813965,576.0030517578125,46.501449398299165,29.033658266067505,372.40283203125,1501.4955669265228,776.7388687133789,14664.6484375,1400.1672165762916,813.5317077636719,8658.185546875,,4,42,210
helmholtz2d,LPA,LPA_P4_N42,2,10,2,1236,4.0,42.0,,,0.01,200,40000,200,10000,193,,0.00958175197364087,0.0241536092322031,0.00958175197364087,0.024153609232203006,0.024153609232203006,0.4192145764827728,7.172353029251099,241.06321787834167,9122,arm64,0.6044229612630382,0.45227428525686264,6.815133094787598,19.833026830190853,10.77889633178711,332.6618957519531,20.080982809369914,11.476947784423828,356.37567138671875,668.8338352825386,299.08924865722656,8492.626953125,592.9138586253487,310.91404724121094,8793.6884765625,,4,42,210
helmholtz2d,LPA,LPA_P4_N42,2,10,3,1237,4.0,42.0,,,0.01,200,40000,200,10000,193,,0.007314561328227795,0.018789834991963246,0.007314561328227795,0.018789834991963208,0.018789834991963208,1.2371500730514526,7.002767086029053,116.01823425292969,4483,arm64,0.9969961417144091,0.7374287694692612,11.157337188720703,32.94642324296212,18.510693073272705,604.4028930664062,32.24080130516033,17.774243116378784,521.2842407226562,1007.7763365604741,486.1079216003418,18739.99609375,934.9253040851713,476.4375877380371,14415.078125,,4,42,210
helmholtz2d,LPA,LPA_P4_N42,2,10,4,1238,4.0,42.0,,,0.01,200,40000,200,10000,193,,0.7265921646534453,1.7481770346686363,0.7265921646534453,1.748177034668633,1.748177034668633,1279.0408935546875,7.053818225860596,27.656559944152832,1013,arm64,31.254872911091425,26.70364475250244,69.60421752929688,528.1719135967948,439.92382431030273,2210.48291015625,526.0286277261913,439.769718170166,2138.818115234375,8248.396874544775,6836.828430175781,25202.66015625,8628.604406275676,7083.248718261719,24882.4296875,,4,42,210
helmholtz2d,LPA,LPA_P5_N35,2,10,0,1234,5.0,35.0,,,0.01,200,40000,200,10000,186,,0.04159764305069819,0.10520894549855797,0.04159764305069819,0.10520894549855764,0.10520894549855764,4.434576034545898,8.486937761306763,254.45680117607117,8199,arm64,1.9991150850383959,1.4730181694030762,28.67974853515625,55.795812557705524,35.09701347351074,833.9511108398438,51.53041733901262,34.059359550476074,593.77880859375,1470.673676414996,900.5114135742188,13297.00390625,1275.6209088616413,851.9075088500977,8905.7431640625,,5,35,210
helmholtz2d,LPA,LPA_P5_N35,2,10,1,1235,5.0,35.0,,,0.01,200,40000,200,10000,186,,0.6672786093924364,1.6184800549582818,0.6672786093924364,1.6184800549582814,1.6184800549582814,804.083251953125,8.756571769714355,104.843101978302,3323,arm64,24.704353239251713,20.437283754348755,75.01708984375,470.9169433967364,374.2805595397949,1653.604736328125,445.02346541011184,354.87878036499023,1653.8828125,7256.457090068127,5829.605651855469,20137.09765625,7075.941209478779,5696.700927734375,19061.41015625,,5,35,210
helmholtz2d,LPA,LPA_P5_N35,2,10,2,1236,5.0,35.0,,,0.01,200,40000,200,10000,186,,0.027311688088725646,0.06693839121184782,0.027311688088725646,0.06693839121184783,0.06693839121184783,1.275851845741272,8.47238278388977,284.2937309741974,9470,arm64,1.0345507884402316,0.7826084047555923,7.4356231689453125,36.25830677487111,21.593461990356445,383.0502014160156,35.087875784943286,21.904441595077515,466.12255859375,1105.2230685477027,635.8956680297852,8160.9326171875,1284.0067598634362,675.6321792602539,12189.787109375,,5,35,210
helmholtz2d,LPA,LPA_P5_N35,2,10,3,1237,5.0,35.0,,,0.01,200,40000,200,10000,186,,0.010944660034482882,0.02657159812386096,0.010944660034482882,0.026571598123860937,0.026571598123860937,0.4691581130027771,8.469941854476929,130.5308358669281,4331,arm64,0.5831248598798765,0.4110088162124157,10.436328887939453,19.786776091683482,10.296262860298157,424.78851318359375,20.109824245980462,10.154649019241333,466.9605407714844,559.3616985150351,272.0369529724121,9437.1005859375,543.9430350603132,256.960298538208,9591.751953125,,5,35,210
helmholtz2d,LPA,LPA_P5_N35,2,10,4,1238,5.0,35.0,,,0.01,200,40000,200,10000,186,,0.012711502316504818,0.03166675533718074,0.012711502316504818,0.031666755337180656,0.031666755337180656,0.7867469787597656,8.402935028076172,144.7896819114685,4783,arm64,0.874878010590801,0.6219527050852776,13.604387283325195,27.60959420065874,15.16409158706665,453.96319580078125,27.259151007123286,14.696477890014648,513.7149047851562,846.5954704727636,428.0237808227539,9020.5224609375,751.3898216388748,410.2611503601074,9787.68359375,,5,35,210
helmholtz2d,LPA,LPA_P6_N30,2,10,0,1234,6.0,30.0,,,0.01,200,40000,200,10000,181,,0.0028642681283493013,0.00715208939096493,0.0028642681283493013,0.007152089390964924,0.007152089390964924,0.40667638182640076,8.28492283821106,152.06630778312683,4762,arm64,0.5898368184522371,0.4089321941137314,12.19577693939209,21.106041883007936,10.774534702301025,460.73089599609375,21.10739124162092,10.61015784740448,447.49249267578125,649.7772605141319,287.1450843811035,9292.080078125,652.4892360223271,282.9503517150879,9184.2998046875,,6,30,210
helmholtz2d,LPA,LPA_P6_N30,2,10,1,1235,6.0,30.0,,,0.01,200,40000,200,10000,181,,0.43756602379589404,1.060251940554512,0.43756602379589404,1.0602519405545083,1.0602519405545083,50.181480407714844,8.425074100494385,97.21952295303345,3074,arm64,5.627221813096229,4.294969201087952,55.17205810546875,134.5858973649589,94.6992301940918,1615.537353515625,141.54982093468232,95.42437744140625,1809.5235595703125,2760.3407737994958,2051.5958862304688,22110.986328125,3019.873817728151,2089.5511169433594,23675.744140625,,6,30,210
helmholtz2d,LPA,LPA_P6_N30,2,10,2,1236,6.0,30.0,,,0.01,200,40000,200,10000,181,,0.017052348309032926,0.04426895776886366,0.017052348309032926,0.0442689577688636,0.0442689577688636,1.489635944366455,8.622745037078857,143.99394297599792,4584,arm64,1.0868610804446843,0.8156164437532425,14.864128112792969,36.257397021934054,20.810913562774658,547.19287109375,32.43416547449395,19.36678957939148,524.2349853515625,1075.9322266063043,577.9633560180664,10667.642578125,944.1679289856228,513.9475898742676,11198.1044921875,,6,30,210
helmholtz2d,LPA,LPA_P6_N30,2,10,3,1237,6.0,30.0,,,0.01,200,40000,200,10000,181,,0.21563186083595257,0.5172125459358811,0.21563186083595257,0.5172125459358795,0.5172125459358795,41.46511459350586,8.80940580368042,177.4892680644989,5669,arm64,5.729053096223559,4.401844382286072,67.39156341552734,141.64886688307044,97.99267387390137,1969.134521484375,143.15872922364773,100.07164478302002,1963.327880859375,2986.9509851184366,2133.833297729492,26263.9296875,3050.73668357333,2194.802734375,25609.654296875,,6,30,210
helmholtz2d,LPA,LPA_P6_N30,2,10,4,1238,6.0,30.0,,,0.01,200,40000,200,10000,181,,0.9737017679510207,2.3275051333571257,0.9737017679510207,2.3275051333571213,2.3275051333571213,272.78131103515625,8.382268905639648,51.66991209983826,1613,arm64,13.799816193946002,11.075596451759338,76.20683288574219,251.0833587224445,197.2286605834961,2304.013916015625,249.3313421214078,196.92091751098633,2170.83203125,4371.6090001279845,3432.927764892578,33363.69140625,4364.075002219829,3459.9691162109375,31039.0,,6,30,210
helmholtz2d,LPA,LPA_P6_N30,2,10,5,1239,6.0,30.0,,,0.01,200,40000,200,10000,181,,0.008195930521487439,0.021548016924798356,0.008195930521487439,0.02154801692479835,0.02154801692479835,0.3516693413257599,6.951113224029541,121.50990509986877,4016,arm64,0.5587914757141463,0.38618597760796547,9.673761367797852,18.919878324315004,9.375748753547668,385.4242248535156,18.909188286573922,9.511098504066467,337.2247314453125,509.95068025159304,243.37149620056152,7078.76953125,572.8931391002383,262.7006149291992,6776.72412109375,"[[0.0, 1.0], [0.0, 1.0]]",6,30,210
helmholtz2d,LPA,LPA_P6_N30,2,10,6,1240,6.0,30.0,,,0.01,200,40000,200,10000,181,,0.07059498152646379,0.17357930998584317,0.07059498152646379,0.1735793099858429,0.1735793099858429,28.06584930419922,7.813699960708618,105.70393300056458,3519,arm64,4.768927808573945,3.521442472934723,40.7169189453125,139.44475289995003,89.71268081665039,1428.933349609375,140.4857835195211,88.8729419708252,1654.937255859375,3753.5073764413996,2250.357879638672,63197.43359375,3886.3308048852455,2292.056610107422,56410.8125,"[[0.0, 1.0], [0.0, 1.0]]",6,30,210
helmholtz2d,LPA,LPA_P6_N30,2,10,7,1241,6.0,30.0,,,0.01,200,40000,200,10000,181,,1.000841936743594,2.392203997829029,1.000841936743594,2.3922039978290197,2.3922039978290197,268.2672119140625,7.765509843826294,113.39543867111206,3739,arm64,13.276138794180657,10.716062545776367,40.375274658203125,232.80942321792412,193.73796844482422,759.6668701171875,228.86866478977905,185.3363971710205,981.0042114257812,3858.6224873651477,3304.017608642578,11864.7060546875,3846.7350279165316,3147.1862182617188,22257.46484375,"[[0.0, 1.0], [0.0, 1.0]]",6,30,210
helmholtz2d,LPA,LPA_P6_N30,2,10,8,1242,6.0,30.0,,,0.01,200,40000,200,10000,181,,0.0312900654811767,0.07846923232604754,0.0312900654811767,0.0784692323260472,0.0784692323260472,3.5070714950561523,7.883594036102295,107.80535101890564,3651,arm64,1.697815168502567,1.1979507356882095,16.023361206054688,50.824592080569126,29.055465936660767,573.2584228515625,57.238627407803,29.89929699897766,688.5167236328125,1341.2337429117267,702.5298461914062,11226.2529296875,1526.3159281420083,750.2649765014648,17790.09375,"[[0.0, 1.0], [0.0, 1.0]]",6,30,210
helmholtz2d,LPA,LPA_P6_N30,2,10,9,1243,6.0,30.0,,,0.01,200,40000,200,10000,181,,0.0019899308598374825,0.005095431518466281,0.0019899308598374825,0.005095431518466257,0.005095431518466257,0.14272728562355042,7.746047258377075,265.6215190887451,8118,arm64,0.32499325549252506,0.2306135781109333,4.4491496086120605,13.091862945412686,6.319728672504425,225.40545654296875,12.47171883864049,6.265824139118195,215.12405395507812,460.30057689921483,174.99733352661133,6061.96923828125,456.5504532976065,176.48447608947754,6092.64599609375,"[[0.0, 1.0], [0.0, 1.0]]",6,30,210
