benchmark,key,key_id,nh,nn,trial,seed,lpa_order,lpa_panels,ff_sigma,ff_features,lr,adam_steps,lbfgs_maxiter,N_0,N_b,N_r,n_params,lpa_ref_params,l1_absolute,l2_relative,final_loss,time_adam,time_lbfgs,lbfgs_steps,machine,L,domain,model
diffusion_reaction,FF,FF_s10,2,10,0,1234,,,10.0,3.0,0.01,200,40000,200,200,10000,191,181.0,0.4541289542719003,1.0017455573324103,18.91444206237793,4.972015142440796,75.28637313842773,3271,arm64,,,FF_s10
diffusion_reaction,FF,FF_s10,2,10,1,1235,,,10.0,3.0,0.01,200,40000,200,200,10000,191,181.0,0.45365919362830043,1.0008495004118343,18.496511459350586,5.161976099014282,65.47158193588257,2843,arm64,,,FF_s10
diffusion_reaction,FF,FF_s10,2,10,2,1236,,,10.0,3.0,0.01,200,40000,200,200,10000,191,181.0,0.45323440349384403,1.00016347283564,18.851295471191406,5.0603859424591064,43.73617887496948,1917,arm64,,,FF_s10
diffusion_reaction,FF,FF_s10,2,10,3,1237,,,10.0,3.0,0.01,200,40000,200,200,10000,191,181.0,0.45382382269862837,1.0001353485530822,18.31581687927246,4.97835898399353,102.6238169670105,4372,arm64,,,FF_s10
diffusion_reaction,FF,FF_s10,2,10,4,1238,,,10.0,3.0,0.01,200,40000,200,200,10000,191,181.0,0.45333929924498045,1.0003168506237785,18.600141525268555,5.214089870452881,106.51913094520569,4500,arm64,,,FF_s10
diffusion_reaction,FF,FF_s1,2,10,0,1234,,,1.0,3.0,0.01,200,40000,200,200,10000,191,181.0,0.39994775855107917,0.8165207568693271,7.0588884353637695,4.928864002227783,184.6504340171814,8131,arm64,,,FF_s1
diffusion_reaction,FF,FF_s1,2,10,1,1235,,,1.0,3.0,0.01,200,40000,200,200,10000,191,181.0,0.4100696562242242,0.9079346698852786,8.012666702270508,5.0593342781066895,197.12268114089966,8603,arm64,,,FF_s1
diffusion_reaction,FF,FF_s1,2,10,2,1236,,,1.0,3.0,0.01,200,40000,200,200,10000,191,181.0,0.4510857415519765,0.981005848388552,13.358391761779785,4.93193507194519,82.46250128746033,3709,arm64,,,FF_s1
diffusion_reaction,FF,FF_s1,2,10,3,1237,,,1.0,3.0,0.01,200,40000,200,200,10000,191,181.0,0.011110150036266695,0.029796850022579247,0.015146099962294102,4.923278093338013,229.74744701385498,9944,arm64,,,FF_s1
diffusion_reaction,FF,FF_s1,2,10,4,1238,,,1.0,3.0,0.01,200,40000,200,200,10000,191,181.0,0.3934318062833012,0.8610871592580616,2.2243731021881104,5.136541128158569,185.08002710342407,7966,arm64,,,FF_s1
diffusion_reaction,FF,FF_s5,2,10,0,1234,,,5.0,3.0,0.01,200,40000,200,200,10000,191,181.0,0.45441353623908526,1.0015447191349645,18.255098342895508,4.944952964782715,104.75193285942078,4587,arm64,,,FF_s5
diffusion_reaction,FF,FF_s5,2,10,1,1235,,,5.0,3.0,0.01,200,40000,200,200,10000,191,181.0,0.45380802862968384,1.0012015246917403,18.244741439819336,5.161410808563232,77.40570974349976,3382,arm64,,,FF_s5
diffusion_reaction,FF,FF_s5,2,10,2,1236,,,5.0,3.0,0.01,200,40000,200,200,10000,191,181.0,0.45333586319394753,1.0003123655175399,18.40859603881836,5.276879787445068,116.61982893943787,5070,arm64,,,FF_s5
diffusion_reaction,FF,FF_s5,2,10,3,1237,,,5.0,3.0,0.01,200,40000,200,200,10000,191,181.0,0.4539316714885489,1.0001400756305876,18.073543548583984,5.39686393737793,52.03276300430298,2246,arm64,,,FF_s5
diffusion_reaction,FF,FF_s5,2,10,4,1238,,,5.0,3.0,0.01,200,40000,200,200,10000,191,181.0,0.4534069487981367,1.0004209542335523,18.46385955810547,5.254947662353516,102.8962619304657,4365,arm64,,,FF_s5
diffusion_reaction,LPA,LPA_P3_N30,2,10,0,1234,3.0,30.0,,,0.01,200,40000,200,200,10000,181,,0.013603664521684251,0.03394464331664447,0.01718323491513729,5.598028659820557,52.97044086456299,2160,arm64,,,LPA
diffusion_reaction,LPA,LPA_P3_N30,2,10,1,1235,3.0,30.0,,,0.01,200,40000,200,200,10000,181,,0.006559984260613325,0.01629929873728835,0.012091599404811859,5.588022947311401,79.29721307754517,3240,arm64,,,LPA
diffusion_reaction,LPA,LPA_P3_N30,2,10,2,1236,3.0,30.0,,,0.01,200,40000,200,200,10000,181,,0.004846696992582075,0.011742563092779719,0.011216196231544018,5.823958873748779,63.30393195152283,2652,arm64,,,LPA
diffusion_reaction,LPA,LPA_P3_N30,2,10,3,1237,3.0,30.0,,,0.01,200,40000,200,200,10000,181,,0.0080524889312458,0.01898606299795533,0.01450075302273035,5.6483049392700195,143.11989498138428,5794,arm64,,,LPA
diffusion_reaction,LPA,LPA_P3_N30,2,10,4,1238,3.0,30.0,,,0.01,200,40000,200,200,10000,181,,0.008665718216443467,0.01942249420227045,0.0131949158385396,5.712296009063721,102.70842289924622,4057,arm64,,,LPA
diffusion_reaction,R,R,2,10,0,1234,,,,,0.01,200,40000,200,200,10000,151,,0.009378938903843797,0.024837014446414625,0.03107535094022751,3.7290849685668945,67.66525292396545,4060,arm64,,,R
diffusion_reaction,R,R,2,10,1,1235,,,,,0.01,200,40000,200,200,10000,151,,0.006053854716922322,0.015239336122182798,0.00915476493537426,3.7743749618530273,96.74721693992615,5703,arm64,,,R
diffusion_reaction,R,R,2,10,2,1236,,,,,0.01,200,40000,200,200,10000,151,,0.00593508345249706,0.016537318951211563,0.01745433174073696,4.25145697593689,71.59508085250854,4159,arm64,,,R
diffusion_reaction,R,R,2,10,3,1237,,,,,0.01,200,40000,200,200,10000,151,,0.08695525907414432,0.2288061616658134,0.12223199009895325,3.863420009613037,38.24144005775452,2297,arm64,,,R
diffusion_reaction,R,R,2,10,4,1238,,,,,0.01,200,40000,200,200,10000,151,,0.008172407457801411,0.020679862415569395,0.017624448984861374,3.986961841583252,81.0119059085846,4655,arm64,,,R
diffusion_reaction,FF,FF_s10,3,10,0,1234,,,10.0,3.0,0.01,200,40000,200,200,10000,301,291.0,0.45426235339087706,1.0020106744497375,18.522886276245117,7.097970008850098,185.9883270263672,5653,arm64,,,FF_s10
diffusion_reaction,FF,FF_s10,3,10,1,1235,,,10.0,3.0,0.01,200,40000,200,200,10000,301,291.0,0.45375890773977506,1.001035458068433,17.934642791748047,7.140432119369507,268.94928884506226,8412,arm64,,,FF_s10
diffusion_reaction,FF,FF_s10,3,10,2,1236,,,10.0,3.0,0.01,200,40000,200,200,10000,301,291.0,0.4532684055268919,1.0002138364635513,18.379899978637695,6.9910008907318115,215.10817575454712,6694,arm64,,,FF_s10
diffusion_reaction,FF,FF_s10,3,10,3,1237,,,10.0,3.0,0.01,200,40000,200,200,10000,301,291.0,0.4537027484568541,1.0001619938119868,17.76914405822754,7.189665079116821,202.75245594978333,6249,arm64,,,FF_s10
diffusion_reaction,FF,FF_s10,3,10,4,1238,,,10.0,3.0,0.01,200,40000,200,200,10000,301,291.0,0.45331602386819925,1.0002820853056797,18.218950271606445,7.706923961639404,181.27725887298584,5538,arm64,3.141592653589793,"[[0.0, 1.0], [-3.141592653589793, 3.141592653589793]]",FF_s10
diffusion_reaction,FF,FF_s1,3,10,0,1234,,,1.0,3.0,0.01,200,40000,200,200,10000,301,291.0,0.39751893934398713,0.815803163351122,6.7158613204956055,7.147236108779907,361.32930517196655,11111,arm64,,,FF_s1
diffusion_reaction,FF,FF_s1,3,10,1,1235,,,1.0,3.0,0.01,200,40000,200,200,10000,301,291.0,0.28751940059279457,0.6741331923866823,4.289349555969238,6.732953071594238,464.25275897979736,14519,arm64,,,FF_s1
diffusion_reaction,FF,FF_s1,3,10,2,1236,,,1.0,3.0,0.01,200,40000,200,200,10000,301,291.0,0.4639346308128639,0.9916180653939014,12.286877632141113,6.8692240715026855,218.56436491012573,6936,arm64,,,FF_s1
diffusion_reaction,FF,FF_s1,3,10,3,1237,,,1.0,3.0,0.01,200,40000,200,200,10000,301,291.0,0.006855562457728547,0.018791362930161086,0.005042031407356262,6.667223691940308,339.1151649951935,10459,arm64,,,FF_s1
diffusion_reaction,FF,FF_s1,3,10,4,1238,,,1.0,3.0,0.01,200,40000,200,200,10000,301,291.0,0.30772411936962923,0.633698172926433,0.8494919538497925,7.336215019226074,451.257709980011,13599,arm64,,,FF_s1
diffusion_reaction,FF,FF_s5,3,10,0,1234,,,5.0,3.0,0.01,200,40000,200,200,10000,301,291.0,0.4544348800743079,1.0015810768299178,17.889341354370117,6.849843978881836,188.80647492408752,5748,arm64,,,FF_s5
diffusion_reaction,FF,FF_s5,3,10,1,1235,,,5.0,3.0,0.01,200,40000,200,200,10000,301,291.0,0.45378982908978677,1.001118692473361,17.517873764038086,7.072993040084839,325.4621081352234,10080,arm64,,,FF_s5
diffusion_reaction,FF,FF_s5,3,10,2,1236,,,5.0,3.0,0.01,200,40000,200,200,10000,301,291.0,0.4533390163025527,1.0003331926764127,17.9966983795166,6.85489296913147,219.55771684646606,6905,arm64,,,FF_s5
diffusion_reaction,FF,FF_s5,3,10,3,1237,,,5.0,3.0,0.01,200,40000,200,200,10000,301,291.0,0.4538117509221953,1.000301873631066,17.634185791015625,6.668867826461792,154.8082149028778,4738,arm64,,,FF_s5
diffusion_reaction,FF,FF_s5,3,10,4,1238,,,5.0,3.0,0.01,200,40000,200,200,10000,301,291.0,0.45330863964008594,1.0002623147080636,17.786922454833984,6.874666690826416,322.6681749820709,9933,arm64,3.141592653589793,"[[0.0, 1.0], [-3.141592653589793, 3.141592653589793]]",FF_s5
diffusion_reaction,LPA,LPA_P3_N30,3,10,0,1234,3.0,30.0,,,0.01,200,40000,200,200,10000,291,,0.004866345538163933,0.0138491070200894,0.002984828781336546,7.402926206588745,80.03781008720398,2419,arm64,,,LPA
diffusion_reaction,LPA,LPA_P3_N30,3,10,1,1235,3.0,30.0,,,0.01,200,40000,200,200,10000,291,,0.0015997648533583018,0.003902961332229262,0.0010686895111575723,8.016314029693604,107.23147392272949,3198,arm64,,,LPA
diffusion_reaction,LPA,LPA_P3_N30,3,10,2,1236,3.0,30.0,,,0.01,200,40000,200,200,10000,291,,0.1535276422741616,0.32562381748638686,0.19597098231315613,7.6164469718933105,77.09428691864014,2287,arm64,,,LPA
diffusion_reaction,LPA,LPA_P3_N30,3,10,3,1237,3.0,30.0,,,0.01,200,40000,200,200,10000,291,,0.0019469109340541997,0.0050372474770615724,0.0009764679707586765,7.877741813659668,122.44944310188293,3669,arm64,,,LPA
diffusion_reaction,LPA,LPA_P3_N30,3,10,4,1238,3.0,30.0,,,0.01,200,40000,200,200,10000,291,,0.0032322381276641584,0.007557867430266759,0.0013771308586001396,7.834090948104858,114.51089119911194,3395,arm64,,,LPA
diffusion_reaction,R,R,3,10,0,1234,,,,,0.01,200,40000,200,200,10000,261,,0.006587754113950793,0.019340641051622497,0.0040374877862632275,6.060343980789185,149.22882723808289,5698,arm64,,,R
diffusion_reaction,R,R,3,10,1,1235,,,,,0.01,200,40000,200,200,10000,261,,0.0026291021551397265,0.008743904540176097,0.0013752506347373128,5.488898992538452,149.05128383636475,5721,arm64,,,R
diffusion_reaction,R,R,3,10,2,1236,,,,,0.01,200,40000,200,200,10000,261,,0.15404840379140525,0.3337569722885334,0.17933005094528198,5.687663793563843,81.51403903961182,3161,arm64,,,R
diffusion_reaction,R,R,3,10,3,1237,,,,,0.01,200,40000,200,200,10000,261,,0.004099253506130482,0.011434043930966233,0.0031061721965670586,5.653211832046509,126.04606509208679,4826,arm64,,,R
diffusion_reaction,R,R,3,10,4,1238,,,,,0.01,200,40000,200,200,10000,261,,0.00502288921429602,0.012575217425928308,0.0017652824753895402,5.598142862319946,133.7105746269226,5146,arm64,,,R
diffusion_reaction,FF,FF_s10,4,10,0,1234,,,10.0,3.0,0.01,200,40000,200,200,10000,411,401.0,0.45437916682610957,1.0022404265175942,18.022979736328125,8.776247024536133,410.8779881000519,9881,arm64,3.141592653589793,"[[0.0, 1.0], [-3.141592653589793, 3.141592653589793]]",FF_s10
diffusion_reaction,FF,FF_s10,4,10,1,1235,,,10.0,3.0,0.01,200,40000,200,200,10000,411,401.0,0.4539052381957217,1.0013197456766882,17.428539276123047,8.716080904006958,377.38744497299194,9223,arm64,3.141592653589793,"[[0.0, 1.0], [-3.141592653589793, 3.141592653589793]]",FF_s10
diffusion_reaction,FF,FF_s10,4,10,2,1236,,,10.0,3.0,0.01,200,40000,200,200,10000,411,401.0,0.4533081527282438,1.0002667005564332,17.703853607177734,8.075999021530151,471.98730874061584,11557,arm64,3.141592653589793,"[[0.0, 1.0], [-3.141592653589793, 3.141592653589793]]",FF_s10
diffusion_reaction,FF,FF_s10,4,10,3,1237,,,10.0,3.0,0.01,200,40000,200,200,10000,411,401.0,0.45361176712095586,1.0000669128744433,17.2396240234375,8.549657106399536,525.504478931427,12744,arm64,3.141592653589793,"[[0.0, 1.0], [-3.141592653589793, 3.141592653589793]]",FF_s10
diffusion_reaction,FF,FF_s10,4,10,4,1238,,,10.0,3.0,0.01,200,40000,200,200,10000,411,401.0,0.4532707436879997,1.0002142993270637,17.664199829101562,8.369329929351807,465.91519570350647,11399,arm64,3.141592653589793,"[[0.0, 1.0], [-3.141592653589793, 3.141592653589793]]",FF_s10
diffusion_reaction,FF,FF_s1,4,10,0,1234,,,1.0,3.0,0.01,200,40000,200,200,10000,411,401.0,0.39815100738660875,0.814053079462231,6.385919094085693,8.547147035598755,375.1656770706177,9020,arm64,3.141592653589793,"[[0.0, 1.0], [-3.141592653589793, 3.141592653589793]]",FF_s1
diffusion_reaction,FF,FF_s1,4,10,1,1235,,,1.0,3.0,0.01,200,40000,200,200,10000,411,401.0,0.21133670401994745,0.5101305583758786,2.212501049041748,8.83541488647461,805.1891241073608,19679,arm64,3.141592653589793,"[[0.0, 1.0], [-3.141592653589793, 3.141592653589793]]",FF_s1
diffusion_reaction,FF,FF_s1,4,10,2,1236,,,1.0,3.0,0.01,200,40000,200,200,10000,411,401.0,0.4637662082166571,0.9855232539876121,10.79440689086914,8.694323062896729,846.9187252521515,20715,arm64,3.141592653589793,"[[0.0, 1.0], [-3.141592653589793, 3.141592653589793]]",FF_s1
diffusion_reaction,FF,FF_s1,4,10,3,1237,,,1.0,3.0,0.01,200,40000,200,200,10000,411,401.0,0.0023852202789440254,0.009298950003394132,0.0016104221576824784,8.42046308517456,584.2674131393433,14554,arm64,3.141592653589793,"[[0.0, 1.0], [-3.141592653589793, 3.141592653589793]]",FF_s1
diffusion_reaction,FF,FF_s1,4,10,4,1238,,,1.0,3.0,0.01,200,40000,200,200,10000,411,401.0,0.26748408458368117,0.5405212459550045,0.46857714653015137,8.559514284133911,586.3698770999908,14521,arm64,3.141592653589793,"[[0.0, 1.0], [-3.141592653589793, 3.141592653589793]]",FF_s1
diffusion_reaction,FF,FF_s5,4,10,0,1234,,,5.0,3.0,0.01,200,40000,200,200,10000,411,401.0,0.4545526271696436,1.0018268885329351,17.393390655517578,8.446815729141235,408.35861992836,9811,arm64,3.141592653589793,"[[0.0, 1.0], [-3.141592653589793, 3.141592653589793]]",FF_s5
diffusion_reaction,FF,FF_s5,4,10,1,1235,,,5.0,3.0,0.01,200,40000,200,200,10000,411,401.0,0.4536843783139002,1.000945199448247,17.140438079833984,8.392672061920166,259.25780391693115,6339,arm64,3.141592653589793,"[[0.0, 1.0], [-3.141592653589793, 3.141592653589793]]",FF_s5
diffusion_reaction,FF,FF_s5,4,10,2,1236,,,5.0,3.0,0.01,200,40000,200,200,10000,411,401.0,0.45332709243068203,1.0003036941419796,17.231977462768555,8.325276851654053,417.17461919784546,10404,arm64,3.141592653589793,"[[0.0, 1.0], [-3.141592653589793, 3.141592653589793]]",FF_s5
diffusion_reaction,FF,FF_s5,4,10,3,1237,,,5.0,3.0,0.01,200,40000,200,200,10000,411,401.0,0.4535749363787274,1.0003630372185064,16.801115036010742,8.755316019058228,466.5284380912781,11457,arm64,3.141592653589793,"[[0.0, 1.0], [-3.141592653589793, 3.141592653589793]]",FF_s5
diffusion_reaction,FF,FF_s5,4,10,4,1238,,,5.0,3.0,0.01,200,40000,200,200,10000,411,401.0,0.45342824984910557,1.0004708121234644,17.410179138183594,8.992100238800049,293.03034496307373,7259,arm64,3.141592653589793,"[[0.0, 1.0], [-3.141592653589793, 3.141592653589793]]",FF_s5
diffusion_reaction,LPA,LPA_P3_N30,4,10,0,1234,3.0,30.0,,,0.01,200,40000,200,200,10000,401,,0.0008623352448899033,0.0019348884744882337,0.00023880010121501982,9.042628049850464,225.9571018218994,5431,arm64,3.141592653589793,"[[0.0, 1.0], [-3.141592653589793, 3.141592653589793]]",LPA
diffusion_reaction,LPA,LPA_P3_N30,4,10,1,1235,3.0,30.0,,,0.01,200,40000,200,200,10000,401,,0.0011917415789228303,0.003212600140699958,0.00048187855281867087,9.639817237854004,175.93014192581177,4140,arm64,3.141592653589793,"[[0.0, 1.0], [-3.141592653589793, 3.141592653589793]]",LPA
diffusion_reaction,LPA,LPA_P3_N30,4,10,2,1236,3.0,30.0,,,0.01,200,40000,200,200,10000,401,,0.000983706201481248,0.002322981346199562,0.00017725475481711328,9.15009617805481,205.68427109718323,4992,arm64,3.141592653589793,"[[0.0, 1.0], [-3.141592653589793, 3.141592653589793]]",LPA
diffusion_reaction,LPA,LPA_P3_N30,4,10,3,1237,3.0,30.0,,,0.01,200,40000,200,200,10000,401,,0.001916234179200006,0.00433812802337789,0.0006747254519723356,8.703441858291626,113.14646816253662,2830,arm64,3.141592653589793,"[[0.0, 1.0], [-3.141592653589793, 3.141592653589793]]",LPA
diffusion_reaction,LPA,LPA_P3_N30,4,10,4,1238,3.0,30.0,,,0.01,200,40000,200,200,10000,401,,0.001242582977227095,0.0032212294873873166,0.0002657509467098862,9.393755912780762,204.43907403945923,4823,arm64,3.141592653589793,"[[0.0, 1.0], [-3.141592653589793, 3.141592653589793]]",LPA
diffusion_reaction,R,R,4,10,0,1234,,,,,0.01,200,40000,200,200,10000,371,,0.0021981838791389832,0.006206667290276185,0.0009189901174977422,7.713410139083862,296.51805305480957,8610,arm64,3.141592653589793,"[[0.0, 1.0], [-3.141592653589793, 3.141592653589793]]",R
diffusion_reaction,R,R,4,10,1,1235,,,,,0.01,200,40000,200,200,10000,371,,0.0011579598985915656,0.003116443507700558,0.0003299890668131411,7.773566007614136,214.37911176681519,6134,arm64,3.141592653589793,"[[0.0, 1.0], [-3.141592653589793, 3.141592653589793]]",R
diffusion_reaction,R,R,4,10,2,1236,,,,,0.01,200,40000,200,200,10000,371,,0.0006324404291246653,0.0016664064480094681,0.00020808869157917798,7.327779769897461,275.0538351535797,7997,arm64,3.141592653589793,"[[0.0, 1.0], [-3.141592653589793, 3.141592653589793]]",R
diffusion_reaction,R,R,4,10,3,1237,,,,,0.01,200,40000,200,200,10000,371,,0.0006513060458177253,0.0015723522363795073,0.00031232269247993827,7.126569986343384,214.39501118659973,6413,arm64,3.141592653589793,"[[0.0, 1.0], [-3.141592653589793, 3.141592653589793]]",R
diffusion_reaction,R,R,4,10,4,1238,,,,,0.01,200,40000,200,200,10000,371,,0.024069324165302518,0.06961414846319887,0.015276200138032436,7.132673025131226,170.57275104522705,4816,arm64,3.141592653589793,"[[0.0, 1.0], [-3.141592653589793, 3.141592653589793]]",R
