benchmark,key,key_id,nh,nn,trial,seed,lpa_order,lpa_panels,ff_sigma,ff_features,lr,adam_steps,lbfgs_maxiter,N_b,N_r,n_params,lpa_ref_params,l1_absolute,l2_relative,l1_absolute_c0,l2_relative_c0,l2_relative_sum,final_loss,time_adam,time_lbfgs,lbfgs_steps,machine,rms_r,mean_abs_r,max_abs_r,rms_r_x,mean_abs_r_x,max_abs_r_x,rms_r_y,mean_abs_r_y,max_abs_r_y,rms_r_xx,mean_abs_r_xx,max_abs_r_xx,rms_r_yy,mean_abs_r_yy,max_abs_r_yy,domain,model
helmholtz2d,FF,FF_s10,2,10,0,1234,,,10.0,3.0,0.01,200,40000,200,10000,191,181.0,0.39739789770156814,1.000071911266456,0.39739789770156814,1.0000719112664507,1.0000719112664507,6223.88916015625,4.079047203063965,2.222844123840332,131,arm64,79.00474901049265,64.07139921188354,162.83285522460938,1117.5873637550667,907.2219009399414,3303.348388671875,1543.0289814193382,1234.6027526855469,5759.99609375,237183.9989206692,192864.791015625,942298.0,838199.0354563765,666581.421875,3024595.5,,FF_s10
helmholtz2d,FF,FF_s10,2,10,1,1235,,,10.0,3.0,0.01,200,40000,200,10000,191,181.0,0.39768077340593944,1.0002839440931113,0.39768077340593944,1.0002839440931115,1.0002839440931115,6204.58251953125,4.084775924682617,58.44158315658569,3705,arm64,79.78550881577549,64.81196880340576,189.44085693359375,5711.837642125343,3970.7254638671875,38476.83984375,6101.416106118317,4238.264923095703,37303.88671875,4511898.550235366,2686471.90625,40808516.0,4906556.600272741,2972410.125,41509168.0,,FF_s10
helmholtz2d,FF,FF_s10,2,10,2,1236,,,10.0,3.0,0.01,200,40000,200,10000,191,181.0,0.3975388412458617,1.000164734542204,0.3975388412458617,1.0001647345422,1.0001647345422,6034.328125,4.511985778808594,74.85193276405334,4670,arm64,79.78769130382048,64.87695550918579,173.6000213623047,5609.935004079815,4181.975036621094,29678.537109375,5174.498985409119,3946.6072692871094,26602.96484375,4178124.3244154425,3012496.9375,26904800.0,4032570.9289752115,3030641.90625,19170460.0,,FF_s10
helmholtz2d,FF,FF_s10,2,10,3,1237,,,10.0,3.0,0.01,200,40000,200,10000,191,181.0,0.39734967426104595,1.0000334188364748,0.39734967426104595,1.0000334188364741,1.0000334188364741,6164.85009765625,4.019775867462158,61.914917945861816,3890,arm64,79.76099054546006,64.560622215271,191.2726287841797,3470.829781910948,2610.0557250976562,17238.703125,4425.196521059827,3246.31396484375,23420.486328125,1402499.0139604376,1011206.5546875,6953413.5,2163244.1633361685,1439938.8125,14386733.0,,FF_s10
helmholtz2d,FF,FF_s10,2,10,4,1238,,,10.0,3.0,0.01,200,40000,200,10000,191,181.0,0.39716150827859437,1.0000001619663539,0.39716150827859437,1.0000001619663523,1.0000001619663523,6158.9677734375,3.8623199462890625,106.81622099876404,7124,arm64,80.2003179757909,65.10479354858398,201.2308349609375,6248.8064860419545,4570.076965332031,33083.33203125,7290.194956240883,5476.5045166015625,31662.140625,3912274.668934174,2760048.78125,23882472.0,5618415.640564874,3922496.46875,35115644.0,,FF_s10
helmholtz2d,FF,FF_s10,2,10,5,1239,,,10.0,3.0,0.01,200,40000,200,10000,191,181.0,0.39733734472787163,1.0000418410664016,0.39733734472787163,1.0000418410663958,1.0000418410663958,6113.1259765625,3.9356601238250732,24.531553983688354,1723,arm64,80.02193035898912,65.00375509262085,184.65963745117188,5888.072541163195,4327.941650390625,27955.53125,4302.215403138248,3340.0472106933594,19413.96875,4692351.006628553,3307241.09375,25184418.0,2673545.789803496,2026339.90625,11203704.0,"[[0.0, 1.0], [0.0, 1.0]]",FF_s10
helmholtz2d,FF,FF_s10,2,10,6,1240,,,10.0,3.0,0.01,200,40000,200,10000,191,181.0,0.3973141468689958,1.000031927573725,0.3973141468689958,1.0000319275737217,1.0000319275737217,5983.904296875,3.853444814682007,54.909818172454834,3791,arm64,79.38057082444081,64.36765575408936,178.71868896484375,3063.468846748731,2385.9617919921875,12017.9658203125,6971.385371646012,5179.895568847656,32258.822265625,1248503.798209681,906635.5859375,5060651.0,6085676.174162407,4195674.6875,40805196.0,"[[0.0, 1.0], [0.0, 1.0]]",FF_s10
helmholtz2d,FF,FF_s10,2,10,7,1241,,,10.0,3.0,0.01,200,40000,200,10000,191,181.0,0.39733489538936484,1.0000444040946797,0.39733489538936484,1.0000444040946754,1.0000444040946754,6158.48681640625,3.8512439727783203,55.69875621795654,3729,arm64,80.30344899752711,65.170729637146,198.8218994140625,8213.118256788952,6216.420715332031,33841.94140625,5759.893054562732,4307.878967285156,32504.736328125,7618787.368650211,5459098.0,39742448.0,3967563.718983225,2731256.71875,25701676.0,"[[0.0, 1.0], [0.0, 1.0]]",FF_s10
helmholtz2d,FF,FF_s10,2,10,8,1242,,,10.0,3.0,0.01,200,40000,200,10000,191,181.0,0.3973520292192544,1.0000459491143319,0.3973520292192544,1.0000459491143299,1.0000459491143299,6079.5478515625,3.8827457427978516,50.4087438583374,3457,arm64,79.92557344204083,64.813307762146,184.05503845214844,4773.043263998347,3511.9630126953125,24937.70703125,6272.407990556737,4421.827728271484,46911.765625,3301110.9769554855,2245810.390625,16498024.0,5209326.079088542,3463867.84375,41505024.0,"[[0.0, 1.0], [0.0, 1.0]]",FF_s10
helmholtz2d,FF,FF_s10,2,10,9,1243,,,10.0,3.0,0.01,200,40000,200,10000,191,181.0,0.39731310773475553,1.0000323940273586,0.39731310773475553,1.0000323940273574,1.0000323940273574,6268.8037109375,3.7428219318389893,5.805365085601807,363,arm64,79.26719657051356,64.20953702926636,171.4751739501953,1295.579250277651,1044.5159378051758,4000.96533203125,4786.567820474291,3746.179931640625,19698.14453125,142873.84622806232,114688.4296875,511623.1875,3989894.995213784,3099380.9375,16189323.0,"[[0.0, 1.0], [0.0, 1.0]]",FF_s10
helmholtz2d,FF,FF_s1,2,10,0,1234,,,1.0,3.0,0.01,200,40000,200,10000,191,181.0,0.4177949385193387,1.0235395179669287,0.4177949385193387,1.023539517966922,1.023539517966922,5451.884765625,4.043281078338623,130.3387951850891,8279,arm64,76.52186581145043,61.87927198410034,185.21994018554688,1097.0383639030133,877.8946762084961,3576.5478515625,1572.2912619804258,1236.7967681884766,6391.6826171875,32919.9924665848,25388.14208984375,137224.296875,155055.14807319362,118854.494140625,825864.625,,FF_s1
helmholtz2d,FF,FF_s1,2,10,1,1235,,,1.0,3.0,0.01,200,40000,200,10000,191,181.0,0.33560029135652913,0.8161345424952761,0.33560029135652913,0.8161345424952746,0.8161345424952746,2606.3037109375,4.3153369426727295,132.54290103912354,8360,arm64,51.400090163333644,43.35572528839111,125.06156158447266,841.1269876629807,671.5887832641602,3799.48583984375,794.1795097772291,641.6639709472656,2996.910888671875,31591.690426439673,22591.11962890625,149557.71875,34115.9575565453,25964.99365234375,133949.328125,,FF_s1
helmholtz2d,FF,FF_s1,2,10,2,1236,,,1.0,3.0,0.01,200,40000,200,10000,191,181.0,0.43908512560128504,1.091157541711118,0.43908512560128504,1.0911575417111152,1.0911575417111152,5349.583984375,4.178237199783325,104.88030409812927,6682,arm64,75.28581404479013,60.177955627441406,219.82675170898438,2217.5354281273612,1699.0352783203125,9513.70703125,1053.8620640292543,835.5071868896484,4484.5498046875,354538.2794790994,247958.1640625,2170206.75,18925.084094925445,14537.377563476562,96696.96875,,FF_s1
helmholtz2d,FF,FF_s1,2,10,3,1237,,,1.0,3.0,0.01,200,40000,200,10000,191,181.0,0.680059322715927,1.6612926503239303,0.680059322715927,1.6612926503239303,1.6612926503239303,222.060302734375,4.362641096115112,231.70042204856873,15000,arm64,12.143465669594818,9.434895992279053,68.27298736572266,339.238623611758,241.35699653625488,2595.6875,449.67074325972106,323.05058670043945,2700.35791015625,10912.17288169501,7463.666076660156,72935.1015625,20886.25959811857,16149.186157226562,118775.1484375,,FF_s1
helmholtz2d,FF,FF_s1,2,10,4,1238,,,1.0,3.0,0.01,200,40000,200,10000,191,181.0,0.5777417644697022,1.421568795518703,0.5777417644697022,1.4215687955187015,1.4215687955187015,1907.33203125,4.211301803588867,137.10834002494812,8941,arm64,41.79091699649821,32.094785928726196,144.62196350097656,589.9507758862175,447.49195098876953,3146.2763671875,928.9098743621471,676.4288711547852,4920.59619140625,12236.656038313735,9252.789428710938,50737.19140625,47229.97421129933,36774.162109375,200566.140625,,FF_s1
helmholtz2d,FF,FF_s1,2,10,5,1239,,,1.0,3.0,0.01,200,40000,200,10000,191,181.0,0.40213151704058603,1.0570785544645978,0.40213151704058603,1.0570785544645958,1.0570785544645958,2564.757568359375,3.7406210899353027,234.9245901107788,16124,arm64,50.74425605627772,41.55698299407959,159.9120635986328,1602.5451046694443,1286.2493896484375,7155.3046875,797.0659085044348,633.5531234741211,2978.733154296875,143757.45262072503,113788.109375,586746.3125,17688.524641699205,13804.929077148438,67316.234375,"[[0.0, 1.0], [0.0, 1.0]]",FF_s1
helmholtz2d,FF,FF_s1,2,10,6,1240,,,1.0,3.0,0.01,200,40000,200,10000,191,181.0,0.5979467790174158,1.4746229771468338,0.5979467790174158,1.4746229771468295,1.4746229771468295,4368.67578125,3.8255858421325684,71.42034196853638,4978,arm64,65.25014592296901,53.01099109649658,184.69393920898438,932.781747818052,753.0182876586914,3813.367431640625,1079.994328688813,863.517707824707,5577.01611328125,20911.671669189913,16108.706909179688,134354.78125,66812.40172303343,49228.36181640625,444401.78125,"[[0.0, 1.0], [0.0, 1.0]]",FF_s1
helmholtz2d,FF,FF_s1,2,10,7,1241,,,1.0,3.0,0.01,200,40000,200,10000,191,181.0,0.3392556547442594,0.8011914266423322,0.3392556547442594,0.8011914266423311,0.8011914266423311,2616.09521484375,3.7198240756988525,109.83260774612427,7461,arm64,51.75467797112191,44.266297817230225,127.01737976074219,871.5907959730873,706.4850234985352,8684.2734375,765.9042755951947,637.2444839477539,5331.619140625,38742.67621112408,24129.70703125,472313.40625,23141.00196620708,14833.28173828125,363189.0,"[[0.0, 1.0], [0.0, 1.0]]",FF_s1
helmholtz2d,FF,FF_s1,2,10,8,1242,,,1.0,3.0,0.01,200,40000,200,10000,191,181.0,0.4031071264155364,0.9842282608453788,0.4031071264155364,0.9842282608453753,0.9842282608453753,5131.63037109375,3.889578104019165,148.7608242034912,10133,arm64,73.01447894590625,59.90048360824585,176.958251953125,1163.5361108491647,946.5690841674805,5689.49365234375,1420.7961016627262,1101.760025024414,6521.82958984375,67609.64925215926,39402.1484375,826281.3125,149462.95583856222,95359.7490234375,1116220.375,"[[0.0, 1.0], [0.0, 1.0]]",FF_s1
helmholtz2d,FF,FF_s1,2,10,9,1243,,,1.0,3.0,0.01,200,40000,200,10000,191,181.0,0.3705135534591889,0.9312238835593792,0.3705135534591889,0.9312238835593774,0.9312238835593774,3256.860107421875,3.8405518531799316,144.96259999275208,9108,arm64,56.6677575099892,48.11697006225586,148.24017333984375,754.7532295392979,628.5815887451172,2154.49365234375,1100.5626614941104,869.2720184326172,5295.845703125,15763.799478552117,12792.856323242188,61673.9765625,83042.9039954649,65235.17822265625,291711.46875,"[[0.0, 1.0], [0.0, 1.0]]",FF_s1
helmholtz2d,FF,FF_s5,2,10,0,1234,,,5.0,3.0,0.01,200,40000,200,10000,191,181.0,0.3973545694581435,1.0000497264190704,0.3973545694581435,1.0000497264190675,1.0000497264190675,6048.9931640625,3.9686899185180664,114.09385299682617,7306,arm64,80.02138271671224,64.9264931678772,206.73135375976562,3963.1421561685115,2951.388458251953,20580.625,8111.129576082483,6163.6064453125,44774.51171875,1880818.4717085273,1281356.453125,11301592.0,6771979.646910938,4973222.75,31182420.0,,FF_s5
helmholtz2d,FF,FF_s5,2,10,1,1235,,,5.0,3.0,0.01,200,40000,200,10000,191,181.0,0.3975807933222863,1.000196802782094,0.3975807933222863,1.0001968027820922,1.0001968027820922,6142.9912109375,4.08349609375,67.0493381023407,4332,arm64,79.83887162506295,64.98994159698486,206.93458557128906,5120.156784708844,3241.626739501953,34493.609375,5056.100275904346,3310.2456970214844,34045.01953125,3501535.5834147967,1573538.109375,37108780.0,3141418.0683353813,1494038.109375,38227912.0,,FF_s5
helmholtz2d,FF,FF_s5,2,10,2,1236,,,5.0,3.0,0.01,200,40000,200,10000,191,181.0,0.39744160894258745,1.0000006206736898,0.39744160894258745,1.0000006206736904,1.0000006206736904,5999.216796875,4.229032039642334,51.79574704170227,3246,arm64,79.94516362489803,64.9385118484497,202.59619140625,3331.103833566285,2501.3824462890625,17931.470703125,3923.145835933199,2914.9877014160156,25708.982421875,1321128.0389243127,883062.0,8449854.0,2126307.5519406875,1473597.484375,15141748.0,,FF_s5
helmholtz2d,FF,FF_s5,2,10,3,1237,,,5.0,3.0,0.01,200,40000,200,10000,191,181.0,0.3972967103628084,0.9984068593596533,0.3972967103628084,0.9984068593596506,0.9984068593596506,6057.85888671875,4.170701026916504,77.77928304672241,4958,arm64,79.63700950997222,64.98821926116943,200.44326782226562,3770.776511542417,2815.8096618652344,19988.123046875,4074.508283216516,2989.8209533691406,19858.015625,1413082.4110942716,975986.984375,10293062.0,1681247.1543042087,1097843.875,12248164.0,,FF_s5
helmholtz2d,FF,FF_s5,2,10,4,1238,,,5.0,3.0,0.01,200,40000,200,10000,191,181.0,0.39721342426892275,0.9999625440869413,0.39721342426892275,0.9999625440869385,0.9999625440869385,6168.8525390625,4.216784954071045,48.1329870223999,3110,arm64,80.04570952145386,64.95582962036133,207.43453979492188,3424.684876014142,2486.1287231445312,16697.10546875,5302.268641817387,3831.8827209472656,30939.44921875,1255548.202665274,813320.625,11343794.0,2850339.2244994277,1823442.828125,31221942.0,,FF_s5
helmholtz2d,FF,FF_s5,2,10,5,1239,,,5.0,3.0,0.01,200,40000,200,10000,191,181.0,0.39738117002033796,1.0000650767746235,0.39738117002033796,1.0000650767746182,1.0000650767746182,6057.63671875,3.862339735031128,50.82828903198242,3464,arm64,80.0367278667562,65.11769580841064,202.13525390625,3764.511887350072,2810.5948181152344,19515.29296875,3962.316651909587,3024.5526428222656,19400.56640625,1779348.6763779605,1120597.125,14490306.0,1763777.1878511186,1309745.328125,10398691.0,"[[0.0, 1.0], [0.0, 1.0]]",FF_s5
helmholtz2d,FF,FF_s5,2,10,6,1240,,,5.0,3.0,0.01,200,40000,200,10000,191,181.0,0.39735085329917386,0.9999972702753854,0.39735085329917386,0.9999972702753821,0.9999972702753821,5926.92724609375,3.731825828552246,56.92554187774658,3867,arm64,79.99528069881393,64.82581233978271,188.18980407714844,2147.6307876355286,1654.1998138427734,11550.9501953125,5047.529940475836,3562.213653564453,37355.234375,439583.2836858108,293079.4140625,3591544.25,3018286.835260029,1742618.90625,22598552.0,"[[0.0, 1.0], [0.0, 1.0]]",FF_s5
helmholtz2d,FF,FF_s5,2,10,7,1241,,,5.0,3.0,0.01,200,40000,200,10000,191,181.0,0.337951526627582,0.7747176316065602,0.337951526627582,0.7747176316065588,0.7747176316065588,3610.299560546875,3.802899122238159,42.133784770965576,2842,arm64,60.28456485507402,53.43593788146973,130.7042999267578,1582.3847805606574,1259.4832763671875,5766.98095703125,1223.8709337589482,989.0165405273438,3975.40234375,400692.88341072394,314777.05078125,1803854.0,219816.6776566328,174257.87109375,727069.375,"[[0.0, 1.0], [0.0, 1.0]]",FF_s5
helmholtz2d,FF,FF_s5,2,10,8,1242,,,5.0,3.0,0.01,200,40000,200,10000,191,181.0,0.3973997422247532,1.0000631301540548,0.3973997422247532,1.0000631301540508,1.0000631301540508,5986.38232421875,3.939662218093872,104.50938987731934,7114,arm64,80.25496137737277,65.12280750274658,191.60629272460938,4469.429186148943,3244.5535583496094,27243.3203125,6307.541200816686,4577.633605957031,37589.97265625,2156243.344664048,1309553.609375,19814982.0,4562587.648562601,2800745.4375,31311512.0,"[[0.0, 1.0], [0.0, 1.0]]",FF_s5
helmholtz2d,FF,FF_s5,2,10,9,1243,,,5.0,3.0,0.01,200,40000,200,10000,191,181.0,0.39730688967142713,1.0000298175111197,0.39730688967142713,1.0000298175111173,1.0000298175111173,6233.5205078125,3.626278877258301,16.52038073539734,1054,arm64,79.48396264267913,64.66282081604004,179.1383056640625,1347.2765120790907,1090.3375854492188,5323.18359375,4946.15557782001,3593.7747497558594,26501.978515625,150630.86621273874,115754.3837890625,807192.25,4007035.091388145,2640013.71875,19765980.0,"[[0.0, 1.0], [0.0, 1.0]]",FF_s5
helmholtz2d,LPA,LPA_P6_N30,2,10,0,1234,6.0,30.0,,,0.01,200,40000,200,10000,181,,0.0028642681283493013,0.00715208939096493,0.0028642681283493013,0.007152089390964924,0.007152089390964924,0.40667638182640076,8.28492283821106,152.06630778312683,4762,arm64,0.5898368184522371,0.4089321941137314,12.19577693939209,21.106041883007936,10.774534702301025,460.73089599609375,21.10739124162092,10.61015784740448,447.49249267578125,649.7772605141319,287.1450843811035,9292.080078125,652.4892360223271,282.9503517150879,9184.2998046875,,LPA
helmholtz2d,LPA,LPA_P6_N30,2,10,1,1235,6.0,30.0,,,0.01,200,40000,200,10000,181,,0.43756602379589404,1.060251940554512,0.43756602379589404,1.0602519405545083,1.0602519405545083,50.181480407714844,8.425074100494385,97.21952295303345,3074,arm64,5.627221813096229,4.294969201087952,55.17205810546875,134.5858973649589,94.6992301940918,1615.537353515625,141.54982093468232,95.42437744140625,1809.5235595703125,2760.3407737994958,2051.5958862304688,22110.986328125,3019.873817728151,2089.5511169433594,23675.744140625,,LPA
helmholtz2d,LPA,LPA_P6_N30,2,10,2,1236,6.0,30.0,,,0.01,200,40000,200,10000,181,,0.017052348309032926,0.04426895776886366,0.017052348309032926,0.0442689577688636,0.0442689577688636,1.489635944366455,8.622745037078857,143.99394297599792,4584,arm64,1.0868610804446843,0.8156164437532425,14.864128112792969,36.257397021934054,20.810913562774658,547.19287109375,32.43416547449395,19.36678957939148,524.2349853515625,1075.9322266063043,577.9633560180664,10667.642578125,944.1679289856228,513.9475898742676,11198.1044921875,,LPA
helmholtz2d,LPA,LPA_P6_N30,2,10,3,1237,6.0,30.0,,,0.01,200,40000,200,10000,181,,0.21563186083595257,0.5172125459358811,0.21563186083595257,0.5172125459358795,0.5172125459358795,41.46511459350586,8.80940580368042,177.4892680644989,5669,arm64,5.729053096223559,4.401844382286072,67.39156341552734,141.64886688307044,97.99267387390137,1969.134521484375,143.15872922364773,100.07164478302002,1963.327880859375,2986.9509851184366,2133.833297729492,26263.9296875,3050.73668357333,2194.802734375,25609.654296875,,LPA
helmholtz2d,LPA,LPA_P6_N30,2,10,4,1238,6.0,30.0,,,0.01,200,40000,200,10000,181,,0.9737017679510207,2.3275051333571257,0.9737017679510207,2.3275051333571213,2.3275051333571213,272.78131103515625,8.382268905639648,51.66991209983826,1613,arm64,13.799816193946002,11.075596451759338,76.20683288574219,251.0833587224445,197.2286605834961,2304.013916015625,249.3313421214078,196.92091751098633,2170.83203125,4371.6090001279845,3432.927764892578,33363.69140625,4364.075002219829,3459.9691162109375,31039.0,,LPA
helmholtz2d,LPA,LPA_P6_N30,2,10,5,1239,6.0,30.0,,,0.01,200,40000,200,10000,181,,0.008195930521487439,0.021548016924798356,0.008195930521487439,0.02154801692479835,0.02154801692479835,0.3516693413257599,6.951113224029541,121.50990509986877,4016,arm64,0.5587914757141463,0.38618597760796547,9.673761367797852,18.919878324315004,9.375748753547668,385.4242248535156,18.909188286573922,9.511098504066467,337.2247314453125,509.95068025159304,243.37149620056152,7078.76953125,572.8931391002383,262.7006149291992,6776.72412109375,"[[0.0, 1.0], [0.0, 1.0]]",LPA
helmholtz2d,LPA,LPA_P6_N30,2,10,6,1240,6.0,30.0,,,0.01,200,40000,200,10000,181,,0.07059498152646379,0.17357930998584317,0.07059498152646379,0.1735793099858429,0.1735793099858429,28.06584930419922,7.813699960708618,105.70393300056458,3519,arm64,4.768927808573945,3.521442472934723,40.7169189453125,139.44475289995003,89.71268081665039,1428.933349609375,140.4857835195211,88.8729419708252,1654.937255859375,3753.5073764413996,2250.357879638672,63197.43359375,3886.3308048852455,2292.056610107422,56410.8125,"[[0.0, 1.0], [0.0, 1.0]]",LPA
helmholtz2d,LPA,LPA_P6_N30,2,10,7,1241,6.0,30.0,,,0.01,200,40000,200,10000,181,,1.000841936743594,2.392203997829029,1.000841936743594,2.3922039978290197,2.3922039978290197,268.2672119140625,7.765509843826294,113.39543867111206,3739,arm64,13.276138794180657,10.716062545776367,40.375274658203125,232.80942321792412,193.73796844482422,759.6668701171875,228.86866478977905,185.3363971710205,981.0042114257812,3858.6224873651477,3304.017608642578,11864.7060546875,3846.7350279165316,3147.1862182617188,22257.46484375,"[[0.0, 1.0], [0.0, 1.0]]",LPA
helmholtz2d,LPA,LPA_P6_N30,2,10,8,1242,6.0,30.0,,,0.01,200,40000,200,10000,181,,0.0312900654811767,0.07846923232604754,0.0312900654811767,0.0784692323260472,0.0784692323260472,3.5070714950561523,7.883594036102295,107.80535101890564,3651,arm64,1.697815168502567,1.1979507356882095,16.023361206054688,50.824592080569126,29.055465936660767,573.2584228515625,57.238627407803,29.89929699897766,688.5167236328125,1341.2337429117267,702.5298461914062,11226.2529296875,1526.3159281420083,750.2649765014648,17790.09375,"[[0.0, 1.0], [0.0, 1.0]]",LPA
helmholtz2d,LPA,LPA_P6_N30,2,10,9,1243,6.0,30.0,,,0.01,200,40000,200,10000,181,,0.0019899308598374825,0.005095431518466281,0.0019899308598374825,0.005095431518466257,0.005095431518466257,0.14272728562355042,7.746047258377075,265.6215190887451,8118,arm64,0.32499325549252506,0.2306135781109333,4.4491496086120605,13.091862945412686,6.319728672504425,225.40545654296875,12.47171883864049,6.265824139118195,215.12405395507812,460.30057689921483,174.99733352661133,6061.96923828125,456.5504532976065,176.48447608947754,6092.64599609375,"[[0.0, 1.0], [0.0, 1.0]]",LPA
helmholtz2d,R1,R1,2,10,0,1234,,,,,0.01,200,40000,200,10000,151,,0.7341500516886784,1.7578376163402394,0.7341500516886784,1.7578376163402412,1.7578376163402412,250.72549438476562,2.8493950366973877,56.83470606803894,5130,arm64,11.118490993834572,7.884618580341339,53.7252082824707,241.98387508423212,177.7722396850586,1147.2772216796875,248.96088442294754,176.33809280395508,2205.294921875,5224.913779192916,3935.2442626953125,29738.693359375,5819.135438361956,4193.817138671875,39358.45703125,"[[0.0, 1.0], [0.0, 1.0]]",R1
helmholtz2d,R1,R1,2,10,1,1235,,,,,0.01,200,40000,200,10000,151,,1.0320858888217757,2.503690121642097,1.0320858888217757,2.5036901216420926,2.5036901216420926,175.2793731689453,2.8615238666534424,48.86122488975525,4324,arm64,9.002777889489334,7.136556923389435,37.564796447753906,200.70373625344834,158.47930526733398,818.1285400390625,200.4442709625764,157.34414863586426,938.8900146484375,5909.607664642383,4537.636474609375,31665.19921875,5666.541559893477,4385.003662109375,27899.6953125,"[[0.0, 1.0], [0.0, 1.0]]",R1
helmholtz2d,R1,R1,2,10,2,1236,,,,,0.01,200,40000,200,10000,151,,0.6037226702303564,1.4364167082935813,0.6037226702303564,1.436416708293576,1.436416708293576,168.0087890625,2.840769052505493,72.64176201820374,6300,arm64,10.685579227711601,8.135401606559753,75.92643737792969,228.1358066789659,168.23710823059082,1726.311279296875,231.77491943963653,174.56384086608887,1339.46484375,5053.463366840607,3804.6503295898438,24878.29296875,5071.178462645542,3871.872589111328,21942.74609375,"[[0.0, 1.0], [0.0, 1.0]]",R1
helmholtz2d,R1,R1,2,10,3,1237,,,,,0.01,200,40000,200,10000,151,,0.6131378668395444,1.5013557705254574,0.6131378668395444,1.5013557705254577,1.5013557705254577,2866.639404296875,2.8428542613983154,13.156818151473999,1144,arm64,52.98271357935928,46.71052265167236,102.92346954345703,729.0193166593735,630.9895172119141,2372.802978515625,712.9226021937795,619.1365127563477,2748.567138671875,9538.2571783319,8220.4541015625,26223.06640625,9579.869727715508,8206.381286621094,29065.650390625,"[[0.0, 1.0], [0.0, 1.0]]",R1
helmholtz2d,R1,R1,2,10,4,1238,,,,,0.01,200,40000,200,10000,151,,0.2378274643595481,0.6192422303527554,0.2378274643595481,0.6192422303527528,0.6192422303527528,61.473487854003906,2.833861827850342,126.42049622535706,9997,arm64,6.236602194164156,4.624383389949799,51.27564239501953,145.29430161582818,105.35274410247803,899.852783203125,142.09281574426208,96.43005657196045,1096.014892578125,3489.0353430425434,2552.9571228027344,17347.9453125,3475.206486670972,2316.1199340820312,26446.8671875,"[[0.0, 1.0], [0.0, 1.0]]",R1
helmholtz2d,R1,R1,2,10,5,1239,,,,,0.01,200,40000,200,10000,151,,0.16496807270731542,0.41301881294082915,0.16496807270731542,0.41301881294082887,0.41301881294082887,13.546531677246094,3.06083607673645,179.8511998653412,13613,arm64,3.384322642082501,2.592802554368973,18.779281616210938,92.37878525841478,65.15649509429932,681.871337890625,106.2854392872899,67.95054244995117,952.4586791992188,3249.2940964154045,1969.6647033691406,54499.29296875,3026.4411649658746,1923.2385711669922,20644.0,"[[0.0, 1.0], [0.0, 1.0]]",R1
helmholtz2d,R1,R1,2,10,6,1240,,,,,0.01,200,40000,200,10000,151,,0.676975921847049,1.6534846469530797,0.676975921847049,1.6534846469530757,1.6534846469530757,245.28311157226562,2.6993207931518555,124.93781876564026,8946,arm64,11.36406559497629,7.611273169517517,71.6733627319336,222.6399752824052,157.60242652893066,1201.5213623046875,232.2360091907449,161.07213973999023,1156.716796875,4509.755647482466,3465.5184936523438,17530.33984375,4559.699387021034,3459.6748046875,18056.0234375,"[[0.0, 1.0], [0.0, 1.0]]",R1
helmholtz2d,R1,R1,2,10,7,1241,,,,,0.01,200,40000,200,10000,151,,0.9047671765916883,2.2483224266824644,0.9047671765916883,2.2483224266824586,2.2483224266824586,768.715576171875,3.7143030166625977,46.80015993118286,3249,arm64,21.487907823883297,16.41029989719391,68.941650390625,388.9016961866777,297.6204032897949,1541.60205078125,389.4561988970968,294.5978088378906,2004.351806640625,8663.118203049062,6722.005920410156,37142.4453125,7655.934430231231,5980.970397949219,30349.365234375,"[[0.0, 1.0], [0.0, 1.0]]",R1
helmholtz2d,R1,R1,2,10,8,1242,,,,,0.01,200,40000,200,10000,151,,0.6807711723724695,1.6870492092709906,0.6807711723724695,1.6870492092709908,1.6870492092709908,1253.7568359375,3.700679063796997,31.589482069015503,2116,arm64,31.65959838149774,26.14104914665222,96.4830551147461,556.7302526527097,454.8818893432617,3465.8857421875,564.9445492701032,453.9936828613281,3280.90576171875,13871.815814809537,10399.7939453125,130349.125,12559.485419395176,9579.879760742188,98878.6484375,"[[0.0, 1.0], [0.0, 1.0]]",R1
helmholtz2d,R1,R1,2,10,9,1243,,,,,0.01,200,40000,200,10000,151,,0.949659513060455,2.3136391798343654,0.949659513060455,2.313639179834361,2.313639179834361,341.3895263671875,3.464137077331543,86.72563195228577,6422,arm64,14.20328057500827,11.238031506538391,112.79843139648438,311.4133387928735,230.1100788116455,3007.018310546875,318.37596160779395,234.48423194885254,2771.04052734375,8123.1196285663555,5810.5435791015625,57727.3984375,8384.469005250125,5953.2286376953125,51160.45703125,"[[0.0, 1.0], [0.0, 1.0]]",R1
helmholtz2d,R,R,2,10,0,1234,,,,,0.01,200,40000,200,10000,173,,0.3497804557666251,1.5190355777202686,0.3497203655208611,0.8768494172261645,1.1560307962131153,3.380321502685547,3.091088056564331,185.05488801002502,14574,arm64,2.900582170422999,3.7934416830539703,9.52511215209961,162.94317722416687,99.0435676574707,2239.498291015625,149.97356700692708,100.06980895996094,1042.77001953125,6518.639965514279,3229.5428161621094,77452.109375,3818.157261690513,2599.3164978027344,21507.08984375,,R
helmholtz2d,R,R,2,10,1,1235,,,,,0.01,200,40000,200,10000,173,,0.40318874118404946,1.757168670657633,0.4030892993345585,1.0141797060245321,1.866342996473007,11.901545524597168,3.090528964996338,98.83218312263489,7822,arm64,5.418597041240469,6.950128734111786,26.125579833984375,210.91666795280193,146.1165065765381,1796.4027099609375,239.01605043026137,165.76691818237305,2449.647705078125,5152.759527670586,3580.6900634765625,29746.505859375,5168.965394544637,3837.2220764160156,32039.30859375,,R
helmholtz2d,R,R,2,10,2,1236,,,,,0.01,200,40000,200,10000,173,,0.3403790307117382,1.4749171487550916,0.34036189071138656,0.8514921011613414,0.9435616472067102,1.3871512413024902,3.2231268882751465,146.4570288658142,11436,arm64,1.876333279232321,2.382821351289749,15.302212715148926,101.80703643882887,61.91846323013306,1576.8585205078125,103.06506485115816,66.62726020812988,1563.7559814453125,2871.0933784013364,1773.4432220458984,24655.19921875,2884.8659630908332,1900.1936950683594,26890.466796875,,R
helmholtz2d,R,R,2,10,3,1237,,,,,0.01,200,40000,200,10000,173,,0.3228831807023797,1.4029961884104867,0.3229336466276077,0.8101417680595365,0.6193421323907428,2.046076774597168,3.2234408855438232,149.8177399635315,11558,arm64,2.2139953656944975,2.8063820898532867,8.816703796386719,143.34412895769614,86.14627361297607,1428.34423828125,127.46933320686637,74.91754150390625,1151.6773681640625,4993.518273722446,2762.545196533203,44347.98828125,3623.2821446859475,2166.153045654297,26612.779296875,,R
helmholtz2d,R,R,2,10,4,1238,,,,,0.01,200,40000,200,10000,173,,0.41279217027635323,1.8183831145047111,0.4127386525364058,1.0495891909743955,2.0730391041911975,4.370963096618652,3.168781042098999,202.10825395584106,15988,arm64,2.9420457122072876,3.762673705816269,13.977814674377441,163.5929530782882,92.61204051971436,1962.99560546875,135.0450671665412,87.05305194854736,1319.9716796875,4688.906002470086,2639.8033752441406,37679.5390625,4041.8070525446906,2394.1151123046875,42980.9453125,,R
helmholtz2d,R,R,2,10,5,1239,,,,,0.01,200,40000,200,10000,173,,0.3501655386010555,1.521867487840769,0.35013382128400933,0.8785912936484136,1.1810291829887651,2.487031936645508,2.9663920402526855,151.3654909133911,12386,arm64,2.1619190383841462,2.7364061772823334,9.940973281860352,153.81896517611722,89.55493068695068,1713.56298828125,121.16212384200868,79.08014583587646,1146.8291015625,5352.098887352512,2990.6853637695312,38900.5546875,4750.18757524374,2582.6880798339844,46885.5390625,"[[0.0, 1.0], [0.0, 1.0]]",R
helmholtz2d,R,R,2,10,6,1240,,,,,0.01,200,40000,200,10000,173,,0.33081560564931584,1.4291439170969986,0.3306921016728775,0.8248317939081302,0.6864663693635038,16.421892166137695,2.9553849697113037,84.04321718215942,6978,arm64,6.303666572207842,8.00018721818924,29.589603424072266,312.0290419926886,214.53279495239258,2571.9267578125,278.81281873440645,198.6283416748047,2308.5859375,8872.904372301102,5980.742431640625,56785.58984375,6920.364152268289,5178.7989501953125,37131.50390625,"[[0.0, 1.0], [0.0, 1.0]]",R
helmholtz2d,R,R,2,10,7,1241,,,,,0.01,200,40000,200,10000,173,,0.6092676753709315,2.7469525738962006,0.6093126738835368,1.585913372331347,4.138420974008359,12.850028991699219,2.917201042175293,179.5201919078827,14856,arm64,5.209846325143685,7.089830160140991,15.33513069152832,233.64703092184533,163.23882484436035,3733.1796875,248.2824555508806,169.24825286865234,1664.306640625,9685.830088330065,4821.834289550781,251781.046875,6602.0424491213325,4679.867858886719,38151.09765625,"[[0.0, 1.0], [0.0, 1.0]]",R
helmholtz2d,R,R,2,10,8,1242,,,,,0.01,200,40000,200,10000,173,,0.3327872482397056,1.4448113307636685,0.332723058784458,0.8340167713501534,0.8421750552543567,3.5620594024658203,2.942819118499756,143.05616188049316,11997,arm64,3.0064541015813737,3.913597822189331,15.739677429199219,142.2602835694137,96.0805025100708,1827.6085205078125,149.01521254333713,96.78182220458984,1940.9569091796875,3433.430227192625,2416.4579162597656,27835.091796875,3675.870475139188,2476.9159240722656,28546.548828125,"[[0.0, 1.0], [0.0, 1.0]]",R
helmholtz2d,R,R,2,10,9,1243,,,,,0.01,200,40000,200,10000,173,,0.3330315986358913,1.4419666543934055,0.33307041733763504,0.8325920904039001,0.773752589760238,3.003009796142578,3.068754196166992,114.73932695388794,9457,arm64,2.8613906697282516,3.7441151440143585,15.487700462341309,144.3291264039093,96.50381183624268,1699.2938232421875,172.34448733409818,104.54861068725586,2205.954833984375,3853.7744647293516,2590.2696533203125,32735.43359375,5536.625596877579,3033.205352783203,54208.4765625,"[[0.0, 1.0], [0.0, 1.0]]",R
helmholtz2d,FF,FF_s10,3,10,0,1234,,,10.0,3.0,0.01,200,40000,200,10000,301,291.0,0.39742461694232933,1.0000870253736867,0.39742461694232933,1.0000870253736864,1.0000870253736864,5982.482421875,4.5481321811676025,198.19078588485718,8681,arm64,80.81817942146432,65.91466903686523,194.53123474121094,8768.949309923053,6408.046142578125,45887.7578125,18119.362902707147,13798.876953125,74125.40625,7531989.730559117,5030443.6875,57216160.0,28019327.122598786,20538638.25,150042912.0,,FF_s10
helmholtz2d,FF,FF_s10,3,10,1,1235,,,10.0,3.0,0.01,200,40000,200,10000,301,291.0,0.39763783880448517,1.0002400893563343,0.39763783880448517,1.0002400893563312,1.0002400893563312,6089.6396484375,5.7293219566345215,129.89656591415405,5691,arm64,80.39558794811714,65.36579084396362,214.2263641357422,8346.930543619013,6177.2222900390625,44945.33203125,10403.937956370175,7678.305603027344,55136.79296875,6296115.6702767145,4241440.59375,49730456.0,10349317.594675312,6699700.125,73110328.0,,FF_s10
helmholtz2d,FF,FF_s10,3,10,2,1236,,,10.0,3.0,0.01,200,40000,200,10000,301,291.0,0.3974601649411522,1.0001088872748496,0.3974601649411522,1.0001088872748471,1.0001088872748471,6009.68994140625,6.03588604927063,76.1428108215332,3322,arm64,79.89469158313375,64.77183198928833,192.58795166015625,5576.901334970881,4273.876159667969,24874.33203125,7367.933699484544,5667.468078613281,38548.66796875,3860946.883173608,2924956.25,15590032.0,7186457.060087398,5287386.9375,31971118.0,,FF_s10
helmholtz2d,FF,FF_s10,3,10,3,1237,,,10.0,3.0,0.01,200,40000,200,10000,301,291.0,0.3972760411565585,1.0000241514768673,0.3972760411565585,1.000024151476864,1.000024151476864,6020.033203125,5.922089099884033,113.65709018707275,5028,arm64,80.9208416737462,65.73451232910156,251.68246459960938,8263.940192184355,5856.5408935546875,69644.59375,9853.875329026647,6912.526672363281,94003.3828125,5864243.335000347,3718704.5,59383364.0,8000537.852255684,5036292.1875,93662152.0,,FF_s10
helmholtz2d,FF,FF_s10,3,10,4,1238,,,10.0,3.0,0.01,200,40000,200,10000,301,291.0,0.39725622253333426,1.000013564049145,0.39725622253333426,1.000013564049143,1.000013564049143,6006.912109375,5.940429210662842,280.62931418418884,11876,arm64,81.42990749094815,66.38629627227783,212.43606567382812,10341.54311502882,7048.9757080078125,59300.07421875,18286.649228330487,12674.901611328125,154617.96875,9817278.22909466,5629352.375,93039448.0,26166133.485329773,15961664.375,339750048.0,,FF_s10
helmholtz2d,FF,FF_s1,3,10,0,1234,,,1.0,3.0,0.01,200,40000,200,10000,301,291.0,0.41383488064153917,1.0113546865120582,0.41383488064153917,1.0113546865120584,1.0113546865120584,5249.4443359375,4.6406121253967285,230.12529516220093,10962,arm64,74.90316706278284,60.207276344299316,198.56155395507812,1060.3210561841636,856.9450225830078,3435.6044921875,1712.9168105894694,1343.2980194091797,8707.462890625,27702.439026194064,21761.806640625,138147.15625,184509.04194645854,137782.970703125,1105969.25,,FF_s1
helmholtz2d,FF,FF_s1,3,10,1,1235,,,1.0,3.0,0.01,200,40000,200,10000,301,291.0,0.36166744224263075,0.9087525416538818,0.36166744224263075,0.9087525416538795,0.9087525416538795,2217.9375,5.7992072105407715,269.59976506233215,11727,arm64,46.858037458246976,38.090322971343994,162.08612060546875,1035.0356009879563,781.4773864746094,4601.0107421875,1020.1320686558187,782.0955657958984,4268.72216796875,69157.96017813134,45123.23974609375,407660.5625,72205.79832672719,50530.564453125,465388.25,,FF_s1
helmholtz2d,FF,FF_s1,3,10,2,1236,,,1.0,3.0,0.01,200,40000,200,10000,301,291.0,0.5032474844034849,1.2569923349065952,0.5032474844034849,1.256992334906592,1.256992334906592,3983.929443359375,5.815968751907349,287.87958884239197,12658,arm64,63.70178026619061,50.06957292556763,266.1339111328125,2708.934003902642,1986.8794555664062,13716.439453125,971.1004831826107,750.6821899414062,5361.3662109375,549529.7622658849,354938.21484375,3294622.0,22635.675382015885,16950.786499023438,112576.1953125,,FF_s1
helmholtz2d,FF,FF_s1,3,10,3,1237,,,1.0,3.0,0.01,200,40000,200,10000,301,291.0,0.8267157341364154,1.999642492409318,0.8267157341364154,1.999642492409312,1.999642492409312,238.6558380126953,5.6814539432525635,550.5808639526367,23169,arm64,12.67490765539836,9.92582619190216,60.29319763183594,411.74426747299714,287.33288955688477,2998.2236328125,553.0698824939531,346.1706314086914,8545.134765625,21428.516700882494,13136.6064453125,171444.6875,41531.308286640815,22512.937744140625,640312.625,,FF_s1
helmholtz2d,FF,FF_s1,3,10,4,1238,,,1.0,3.0,0.01,200,40000,200,10000,301,291.0,0.5017344914819254,1.2621669419464225,0.5017344914819254,1.2621669419464188,1.2621669419464188,1431.7294921875,5.909586191177368,614.5338523387909,25961,arm64,37.17034978250947,26.147663593292236,175.24232482910156,560.2498466086358,414.48051834106445,3764.827392578125,1217.4662597994245,778.3954315185547,10169.03515625,15748.473767321073,11710.874755859375,102008.7890625,67903.73704001865,48753.42041015625,491158.96875,,FF_s1
helmholtz2d,FF,FF_s5,3,10,0,1234,,,5.0,3.0,0.01,200,40000,200,10000,301,291.0,0.39732550556420676,1.0000363099600957,0.39732550556420676,1.000036309960097,1.000036309960097,5918.75537109375,4.571887969970703,267.08242106437683,11927,arm64,81.45922093472886,66.23349857330322,230.11863708496094,6563.39908126879,4645.457458496094,43870.41015625,13622.894406109152,9679.900390625,76272.453125,3733784.59943902,2410607.6875,23122570.0,15057611.404114267,9903446.25,133716112.0,,FF_s5
helmholtz2d,FF,FF_s5,3,10,1,1235,,,5.0,3.0,0.01,200,40000,200,10000,301,291.0,0.39781861195749596,1.0004331156959632,0.39781861195749596,1.0004331156959607,1.0004331156959607,5919.7080078125,5.8332648277282715,170.1117808818817,7469,arm64,81.62617508186999,66.00105714797974,265.304443359375,8779.71628243191,5813.521545410156,77436.75,10671.47342216622,6787.6329345703125,118995.4609375,6448753.313811903,3384262.34375,111395832.0,9653879.981858486,4655617.6875,138943056.0,,FF_s5
helmholtz2d,FF,FF_s5,3,10,2,1236,,,5.0,3.0,0.01,200,40000,200,10000,301,291.0,0.3974948036239661,1.0000559775987097,0.3974948036239661,1.0000559775987063,1.0000559775987063,5785.91943359375,5.852971076965332,250.65998816490173,10852,arm64,81.67495876436153,66.37082767486572,223.90750122070312,8710.752005424101,6085.463439941406,48511.82421875,9015.727702187995,6139.770812988281,79680.6015625,6666388.446887865,4013604.75,54520392.0,7163513.073381803,4085033.09375,70060416.0,,FF_s5
helmholtz2d,FF,FF_s5,3,10,3,1237,,,5.0,3.0,0.01,200,40000,200,10000,301,291.0,0.39730613964508804,0.9973503822747245,0.39730613964508804,0.9973503822747236,0.9973503822747236,5913.09130859375,5.985722064971924,174.90103697776794,7558,arm64,80.56247727162209,65.38949537277222,228.9784393310547,3648.8427617533753,2593.2239990234375,25390.177734375,4108.559023550714,3016.6546630859375,33019.46484375,1241100.4289806688,676103.8125,14407200.0,1404740.5997464443,837434.4375,13876088.0,,FF_s5
helmholtz2d,FF,FF_s5,3,10,4,1238,,,5.0,3.0,0.01,200,40000,200,10000,301,291.0,0.3972305153482754,0.9999932586606183,0.3972305153482754,0.9999932586606156,0.9999932586606156,5927.03564453125,5.861833810806274,275.47661113739014,11578,arm64,82.0350419510477,66.61416625976562,235.8843994140625,8269.029144948034,4748.532897949219,96238.4375,12199.805818126779,7603.6383056640625,104727.0859375,5277246.875729049,2352264.09375,59729808.0,11643545.761088416,5621140.4375,201316592.0,,FF_s5
helmholtz2d,LPA,LPA_P6_N30,3,10,0,1234,6.0,30.0,,,0.01,200,40000,200,10000,291,,0.00744277368165699,0.018407183268816334,0.00744277368165699,0.018407183268816303,0.018407183268816303,0.2956189215183258,8.84611988067627,271.4171702861786,6823,arm64,0.46932850544887383,0.352995865046978,3.5954642295837402,14.943769280562014,9.058586955070496,202.64895629882812,16.355080814284364,9.693558096885681,218.68612670898438,456.20211007225186,247.8925838470459,5104.11572265625,511.2246326224901,271.3433132171631,6125.67236328125,,LPA
helmholtz2d,LPA,LPA_P6_N30,3,10,1,1235,6.0,30.0,,,0.01,200,40000,200,10000,291,,0.02569301882005455,0.06359083461730752,0.02569301882005455,0.06359083461730734,0.06359083461730734,1.7713453769683838,10.793730020523071,354.74684500694275,8523,arm64,1.164297598581525,0.8198138549923897,10.896413803100586,43.03674219302464,21.844820499420166,549.8677978515625,39.80692327657427,22.14033007621765,464.92218017578125,1358.647466232503,651.9680709838867,12903.482421875,1305.320769964226,687.1984405517578,13651.0830078125,,LPA
helmholtz2d,LPA,LPA_P6_N30,3,10,2,1236,6.0,30.0,,,0.01,200,40000,200,10000,291,,0.008175391163391284,0.020371010167437437,0.008175391163391284,0.020371010167437364,0.020371010167437364,0.23830009996891022,10.816370964050293,147.16045022010803,3503,arm64,0.40622125464307796,0.29089853912591934,5.760960578918457,15.485943296214137,8.303007125854492,270.4822998046875,15.424328764371593,8.130920767784119,290.6283264160156,507.8028027920262,234.77081489562988,7221.91259765625,506.65986687631477,234.15928268432617,7520.0634765625,,LPA
helmholtz2d,LPA,LPA_P6_N30,3,10,3,1237,6.0,30.0,,,0.01,200,40000,200,10000,291,,0.0027882113982083926,0.006895338765946889,0.0027882113982083926,0.006895338765946879,0.006895338765946879,0.2514886260032654,10.449433088302612,157.54587602615356,3696,arm64,0.4522118307704251,0.3329770192503929,6.1610612869262695,17.9822854718135,9.871576189994812,310.1127014160156,17.836934192561525,9.777517318725586,299.14892578125,593.6641664932498,285.62162017822266,7654.20361328125,591.1405289776704,278.45693588256836,7365.71142578125,,LPA
helmholtz2d,LPA,LPA_P6_N30,3,10,4,1238,6.0,30.0,,,0.01,200,40000,200,10000,291,,0.01746575266976438,0.04306038161113595,0.01746575266976438,0.04306038161113594,0.04306038161113594,0.32465457916259766,11.12212085723877,191.90785908699036,4634,arm64,0.5398908829160002,0.3900625482201576,4.188713550567627,15.195942106172312,9.280859112739563,138.3480224609375,21.947932270649808,11.691902995109558,241.22332763671875,451.91034396700303,260.2101287841797,3934.947998046875,793.4215929874546,381.00743865966797,7524.240234375,,LPA
helmholtz2d,R1,R1,3,10,0,1234,,,,,0.01,200,40000,200,10000,261,,0.12245508360550243,0.2995476540048568,0.12245508360550243,0.2995476540048565,0.2995476540048565,29.88066864013672,4.816956043243408,181.1465241909027,10086,arm64,4.497900194765467,3.5264346301555634,31.400217056274414,101.37879660161006,73.72502613067627,665.6568603515625,115.511418030048,79.353515625,1280.3616943359375,2812.3064155600114,1930.0062408447266,19034.091796875,2888.931755424486,1911.9886322021484,26097.130859375,"[[0.0, 1.0], [0.0, 1.0]]",R1
helmholtz2d,R1,R1,3,10,1,1235,,,,,0.01,200,40000,200,10000,261,,1.0250723987683519,2.4746807537633884,1.0250723987683519,2.474680753763385,2.474680753763385,169.46832275390625,4.801549196243286,185.5573709011078,10483,arm64,9.26117170850912,7.220156788825989,32.141578674316406,184.3031606600844,142.31534004211426,752.6998291015625,206.57673457005026,150.9790210723877,1606.8084716796875,4755.877994650409,3725.7781372070312,25924.087890625,7061.574611940314,4389.8350830078125,66099.171875,"[[0.0, 1.0], [0.0, 1.0]]",R1
helmholtz2d,R1,R1,3,10,2,1236,,,,,0.01,200,40000,200,10000,261,,0.9632179204686523,2.333053067897073,0.9632179204686523,2.333053067897063,2.333053067897063,181.82937622070312,4.668937921524048,134.02523970603943,7667,arm64,10.213581329585123,8.18275511264801,47.052127838134766,257.7604009858889,179.9658374786377,2166.49365234375,221.38227088744313,171.24004936218262,1210.265380859375,6961.410489261498,4479.175384521484,55182.2734375,5609.103136866,4224.103729248047,36645.5859375,"[[0.0, 1.0], [0.0, 1.0]]",R1
helmholtz2d,R1,R1,3,10,3,1237,,,,,0.01,200,40000,200,10000,261,,0.042470943254495755,0.10779915781581487,0.042470943254495755,0.10779915781581466,0.10779915781581466,10.756287574768066,4.588076591491699,151.49197101593018,8949,arm64,3.1259978227211174,2.507977604866028,15.100961685180664,86.9042870204863,62.182644844055176,667.342041015625,90.33436424352169,62.71996212005615,947.3687744140625,2559.8645594054387,1775.880599975586,18629.73046875,2943.6180331354135,1838.589111328125,31996.951171875,"[[0.0, 1.0], [0.0, 1.0]]",R1
helmholtz2d,R1,R1,3,10,4,1238,,,,,0.01,200,40000,200,10000,261,,0.12191045198840902,0.2992378008161753,0.12191045198840902,0.2992378008161745,0.2992378008161745,24.001062393188477,4.745920896530151,213.23697519302368,12800,arm64,4.212930480174288,3.2598062455654144,22.62764549255371,117.61087116674871,84.76172161102295,833.4727783203125,101.20369009897038,74.05241775512695,1001.7424926757812,3438.012125487634,2423.1312255859375,23729.080078125,2931.1503821025626,2079.0480041503906,16905.935546875,"[[0.0, 1.0], [0.0, 1.0]]",R1
helmholtz2d,R,R,3,10,0,1234,,,,,0.01,200,40000,200,10000,283,,0.3177545775060827,1.385463063918966,0.3177401390752214,0.7998725832048366,0.40591473314650706,0.14526645839214325,3.851447105407715,144.77568817138672,8600,arm64,0.6578337569664469,0.8705719485878944,3.1265344619750977,41.86696809631819,26.40791368484497,593.4935302734375,50.716014287644974,30.026444673538208,601.4228515625,1972.864945643771,1061.937370300293,18292.984375,2265.929403688473,1176.6074676513672,23421.078125,,R
helmholtz2d,R,R,3,10,1,1235,,,,,0.01,200,40000,200,10000,283,,0.3174214291381702,1.3839784875054104,0.31741742839481313,0.7990219269419876,0.4032877469802921,0.4609333276748657,4.877048969268799,190.69125413894653,9662,arm64,1.1513626383270132,1.527923971414566,3.726407051086426,84.71459041164799,52.91424751281738,880.198486328125,73.05891987927129,48.534873485565186,647.60791015625,3548.710628524112,1961.5056610107422,46575.2109375,2988.99390472781,1839.2721710205078,21349.62890625,,R
helmholtz2d,R,R,3,10,2,1236,,,,,0.01,200,40000,200,10000,283,,0.32866173784115565,1.4262815450473247,0.32856441941205,0.8232369061650581,0.7396376878287233,1.2635807991027832,4.794258117675781,104.5213508605957,5275,arm64,1.522506948073119,1.932592824101448,8.211824417114258,103.80701205580057,60.80536651611328,1120.149169921875,104.61096928630157,62.71350431442261,1246.3656005859375,3927.625793657028,2184.329803466797,40930.03515625,3569.367153292023,2107.063751220703,28198.83984375,,R
helmholtz2d,R,R,3,10,3,1237,,,,,0.01,200,40000,200,10000,283,,0.3297797903856965,1.4306638060549117,0.32970985364148836,0.8258375667405162,0.7407575150340847,0.8584234714508057,4.828450918197632,134.40715098381042,6799,arm64,1.4499705028000043,1.9424746930599213,5.006933689117432,80.75602279263855,59.29425668716431,667.451171875,91.92048824754995,62.11038160324097,874.525634765625,2770.8235237921594,1941.1209106445312,18025.36328125,3065.2228405941387,2067.9029541015625,22190.90234375,,R
helmholtz2d,R,R,3,10,4,1238,,,,,0.01,200,40000,200,10000,283,,0.3279101705606082,1.4236984845703258,0.32767983119448385,0.8214043712470049,0.7622424278499148,18.66969108581543,4.487107992172241,102.25731492042542,5075,arm64,6.442570772503933,7.843204975128174,32.11796951293945,246.26643941001686,163.26403999328613,2790.6435546875,299.7490405400616,183.24314498901367,2779.6376953125,5661.17759392867,3889.403594970703,36062.58203125,7409.100451471825,4634.561096191406,57728.25,,R
helmholtz2d,FF,FF_s10,4,10,0,1234,,,10.0,3.0,0.01,200,40000,200,10000,411,401.0,0.3973025934109092,1.0000283398749765,0.3973025934109092,1.000028339874974,1.000028339874974,5987.056640625,6.497442960739136,143.59917902946472,5351,arm64,80.87493698377085,65.86073589324951,197.70809936523438,8647.996299721688,6421.976013183594,45926.109375,16914.127763499957,12307.400024414062,87850.734375,7896034.08735094,5464521.3125,54268516.0,25813547.865801632,17562912.0,193540032.0,,FF_s10
helmholtz2d,FF,FF_s10,4,10,1,1235,,,10.0,3.0,0.01,200,40000,200,10000,411,401.0,0.3976212791848709,1.0002301848053754,0.3976212791848709,1.0002301848053705,1.0002301848053705,5887.93798828125,6.388686895370483,468.64506125450134,16930,arm64,81.50589847867703,66.5132884979248,210.8563690185547,16690.464702937425,11447.557495117188,124248.75,21024.203480750464,14067.8837890625,160179.71875,19050804.78270501,11564772.125,174050544.0,29945235.794972662,17299352.25,370812160.0,,FF_s10
helmholtz2d,FF,FF_s10,4,10,2,1236,,,10.0,3.0,0.01,200,40000,200,10000,411,401.0,0.3975368924178239,1.000163823117801,0.3975368924178239,1.0001638231177958,1.0001638231177958,5816.11083984375,6.297325134277344,334.2297029495239,11575,arm64,81.16536494888172,66.12495517730713,209.6362762451172,17592.061164059203,12321.512939453125,142660.9375,14134.531969612577,10163.67626953125,77001.828125,25049441.88908711,15485462.375,241601184.0,16909981.620605506,11148111.5,130332200.0,,FF_s10
helmholtz2d,FF,FF_s10,4,10,3,1237,,,10.0,3.0,0.01,200,40000,200,10000,411,401.0,0.3972810446757014,1.0000106317226785,0.3972810446757014,1.0000106317226756,1.0000106317226756,5803.35107421875,7.1185081005096436,416.1524088382721,14255,arm64,83.96556439051648,68.12054252624512,396.068359375,20195.822241245838,12216.703979492188,178109.609375,23751.765660683,13455.533447265625,279764.59375,30484329.684547108,13059737.875,593485248.0,42229119.573029414,15835113.375,973554304.0,,FF_s10
helmholtz2d,FF,FF_s10,4,10,4,1238,,,10.0,3.0,0.01,200,40000,200,10000,411,401.0,0.397205898196484,1.0000037201594911,0.397205898196484,1.0000037201594898,1.0000037201594898,6079.849609375,7.076570987701416,137.82971811294556,4882,arm64,80.9444393290903,65.80041027069092,204.59214782714844,8382.068658750059,5293.129577636719,84989.9921875,15980.736904160583,9700.726196289062,115187.2578125,6620228.899873478,3648669.28125,61355924.0,27866174.14434698,12717194.75,347913792.0,,FF_s10
helmholtz2d,FF,FF_s1,4,10,0,1234,,,1.0,3.0,0.01,200,40000,200,10000,411,401.0,0.4101067848481214,1.0064714017122764,0.4101067848481214,1.0064714017122731,1.0064714017122731,4890.34228515625,6.303708791732788,292.0601878166199,11013,arm64,74.29680352914544,59.823723793029785,210.0912628173828,1125.4957796455747,903.2542572021484,4053.286865234375,2099.7793782919193,1616.5583801269531,8671.7177734375,42164.20832886585,31659.54345703125,195574.796875,272540.5424225908,190734.392578125,1303093.875,,FF_s1
helmholtz2d,FF,FF_s1,4,10,1,1235,,,1.0,3.0,0.01,200,40000,200,10000,411,401.0,0.3761315710422424,0.9391045003732426,0.3761315710422424,0.9391045003732378,0.9391045003732378,1917.18798828125,6.2596447467803955,238.01678109169006,9199,arm64,43.57280400269446,34.311020374298096,144.2947235107422,1097.9465634765656,833.6345062255859,6294.14404296875,1121.1752274399394,846.2176895141602,7329.04833984375,77084.71890070042,55306.68359375,444277.09375,86022.72295155507,64618.4404296875,418216.21875,,FF_s1
helmholtz2d,FF,FF_s1,4,10,2,1236,,,1.0,3.0,0.01,200,40000,200,10000,411,401.0,0.5927241606453021,1.4375330480472586,0.5927241606453021,1.4375330480472577,1.4375330480472577,3261.3515625,6.452527761459351,448.4717779159546,16155,arm64,55.30731707929581,43.159154415130615,290.47979736328125,1948.2215928892688,1394.2271728515625,20187.7109375,881.2490336874134,652.8580169677734,11014.443359375,282827.598766457,175553.556640625,6705919.5,22631.874601985583,14952.93115234375,261757.171875,,FF_s1
helmholtz2d,FF,FF_s1,4,10,3,1237,,,1.0,3.0,0.01,200,40000,200,10000,411,401.0,0.280752664564767,0.6821721971666969,0.280752664564767,0.6821721971666951,0.6821721971666951,45.016273498535156,7.591044187545776,361.2732079029083,12534,arm64,3.842374167730484,2.850498765707016,49.6952018737793,124.2999204136662,74.11824226379395,1727.434814453125,223.30520777696273,115.3528413772583,2969.604736328125,6393.552279445285,3125.6114196777344,89582.609375,20778.489261734117,7916.385070800781,314945.34375,,FF_s1
helmholtz2d,FF,FF_s1,4,10,4,1238,,,1.0,3.0,0.01,200,40000,200,10000,411,401.0,0.1736023380652662,0.4565998281035664,0.1736023380652662,0.45659982810356486,0.45659982810356486,491.885009765625,6.963533639907837,470.2765429019928,17410,arm64,21.480066062925108,15.869326114654541,151.88038635253906,673.192066644988,482.6103935241699,5462.9765625,1456.1683560804363,834.5444107055664,25820.224609375,30845.991246837893,23220.957275390625,183319.40625,145535.28056110657,76423.9541015625,2152607.75,,FF_s1
helmholtz2d,FF,FF_s5,4,10,0,1234,,,5.0,3.0,0.01,200,40000,200,10000,411,401.0,0.3973792475377548,1.00006100289213,0.3973792475377548,1.000061002892128,1.000061002892128,5857.74609375,6.528252124786377,247.47550892829895,9319,arm64,81.40446030302371,66.44602870941162,231.2894287109375,8680.463178886252,6261.871276855469,54050.3984375,14614.236688927684,10207.083129882812,182977.46875,5920099.0504146125,3866077.375,46405456.0,16869293.826192964,10206161.375,244005232.0,,FF_s5
helmholtz2d,FF,FF_s5,4,10,1,1235,,,5.0,3.0,0.01,200,40000,200,10000,411,401.0,0.3975456176109242,1.0001552518419774,0.3975456176109242,1.0001552518419732,1.0001552518419732,5966.63720703125,6.180412292480469,97.42369627952576,3703,arm64,81.74345161738779,66.28804302215576,301.54193115234375,12009.349524433037,5542.2630615234375,291424.6875,13241.52419474435,6548.308898925781,260614.6875,12373030.877701066,3485600.4375,379425536.0,15053593.544253279,4749247.1875,427200128.0,,FF_s5
helmholtz2d,FF,FF_s5,4,10,2,1236,,,5.0,3.0,0.01,200,40000,200,10000,411,401.0,0.38391864358759414,0.9462645288893469,0.38391864358759414,0.9462645288893493,0.9462645288893493,5345.298828125,6.4513890743255615,69.20008611679077,2763,arm64,73.76228835323283,61.22748136520386,182.004150390625,3175.761148921625,2507.6602478027344,11982.4296875,1231.420324513527,993.3611831665039,4371.943359375,1526898.9145218488,1150219.234375,5682395.5,108521.0535886931,85752.576171875,386889.125,,FF_s5
helmholtz2d,FF,FF_s5,4,10,3,1237,,,5.0,3.0,0.01,200,40000,200,10000,411,401.0,0.3972124030419848,0.998801337522499,0.3972124030419848,0.9988013375224993,0.9988013375224993,5677.0595703125,7.194875240325928,451.3624629974365,15529,arm64,82.72633230797136,66.98640823364258,304.11517333984375,8871.250982809583,5552.573913574219,69263.5,10678.394542252126,6446.118408203125,96598.4765625,5563258.697464284,2506664.1875,83517696.0,8218896.964318265,3441464.84375,121859840.0,,FF_s5
helmholtz2d,FF,FF_s5,4,10,4,1238,,,5.0,3.0,0.01,200,40000,200,10000,411,401.0,0.3971783818257032,0.9999874797265199,0.3971783818257032,0.9999874797265195,0.9999874797265195,5750.88134765625,7.045467138290405,377.99916410446167,13485,arm64,83.02559074322639,67.23840808868408,272.8363342285156,15280.430491317971,8212.810668945312,196943.671875,17909.23499203693,9924.49951171875,192289.796875,17869279.83584968,6832265.875,260125600.0,23113404.72005005,9264156.0625,278418976.0,,FF_s5
helmholtz2d,LPA,LPA_P6_N30,4,10,0,1234,6.0,30.0,,,0.01,200,40000,200,10000,401,,0.006196665543153082,0.014817369185496513,0.006196665543153082,0.014817369185496481,0.014817369185496481,0.06726422160863876,11.408430099487305,218.23764824867249,4975,arm64,0.2292510053791087,0.17544772289693356,1.595841407775879,7.084392206670043,4.641523241996765,70.0789794921875,7.899575563690513,4.803010046482086,94.015380859375,286.48945020388624,149.60393238067627,3193.644287109375,262.4599950915139,144.80657196044922,2622.10107421875,,LPA
helmholtz2d,LPA,LPA_P6_N30,4,10,1,1235,6.0,30.0,,,0.01,200,40000,200,10000,401,,0.004840034392188996,0.012095394343433147,0.004840034392188996,0.012095394343433083,0.012095394343433083,0.06607330590486526,10.45219111442566,207.0736677646637,4836,arm64,0.24471018444127235,0.17359995655715466,1.9280800819396973,9.197632684064242,4.979236304759979,138.17092895507812,9.574936950715053,4.780997216701508,115.07666015625,380.7656464796457,162.76778411865234,6729.65478515625,403.33434123604263,164.17424392700195,5209.7802734375,,LPA
helmholtz2d,LPA,LPA_P6_N30,4,10,2,1236,6.0,30.0,,,0.01,200,40000,200,10000,401,,0.011009130858074437,0.027222880959000165,0.011009130858074437,0.027222880959000023,0.027222880959000023,0.21296223998069763,11.193700075149536,204.05838799476624,4735,arm64,0.3718504894617875,0.2737005054950714,4.193058013916016,13.91816348556055,7.719170391559601,203.26904296875,13.687851783725854,6.8949092626571655,249.893310546875,444.6855575765729,221.96346282958984,5755.51171875,465.0988837652564,199.33342170715332,6410.44775390625,,LPA
helmholtz2d,LPA,LPA_P6_N30,4,10,3,1237,6.0,30.0,,,0.01,200,40000,200,10000,401,,0.009345869014255295,0.02287796919545695,0.009345869014255295,0.022877969195456902,0.022877969195456902,0.5220323801040649,10.850323915481567,375.7615909576416,7837,arm64,0.6272540781343527,0.4560251869261265,9.622475624084473,23.020244810656948,13.260576725006104,489.86639404296875,22.29796137365249,12.250628590583801,520.2548828125,719.9293232455183,371.8700065612793,11879.1142578125,685.2460253327815,342.8594207763672,12743.0400390625,,LPA
helmholtz2d,LPA,LPA_P6_N30,4,10,4,1238,6.0,30.0,,,0.01,200,40000,200,10000,401,,0.011308283662233775,0.027929664710929003,0.011308283662233775,0.027929664710928902,0.027929664710928902,0.447392076253891,12.53069806098938,274.0248849391937,5736,arm64,0.6111242789297205,0.46217071637511253,5.359652519226074,17.83005191643517,12.084481358528137,219.6114501953125,19.89839589923753,12.880566596984863,256.7113037109375,552.1496538388619,353.17664337158203,5389.37060546875,562.0524226273293,363.0303382873535,6214.9130859375,,LPA
helmholtz2d,R1,R1,4,10,0,1234,,,,,0.01,200,40000,200,10000,371,,0.048785589280358095,0.12155386908069497,0.048785589280358095,0.12155386908069477,0.12155386908069477,4.194161415100098,4.881498098373413,194.70055508613586,10056,arm64,1.8482685324669694,1.4298509657382965,10.631567001342773,67.79372895082992,41.037373065948486,752.1336669921875,53.78434614172211,37.890738010406494,390.7315673828125,2781.234033662036,1384.3313903808594,37692.5234375,1783.9380944976763,1152.7325134277344,13777.220703125,"[[0.0, 1.0], [0.0, 1.0]]",R1
helmholtz2d,R1,R1,4,10,1,1235,,,,,0.01,200,40000,200,10000,371,,0.6140356451937121,1.4805304970464312,0.6140356451937121,1.4805304970464288,1.4805304970464288,89.44743347167969,5.019070863723755,133.7293620109558,6584,arm64,6.871522440069498,4.879183650016785,34.19175720214844,174.58504584420132,112.95729351043701,1113.363525390625,141.69044904159693,101.66362476348877,787.2520751953125,4848.156299048123,3255.065704345703,31483.568359375,3727.7165094733264,2725.1309204101562,15369.6982421875,"[[0.0, 1.0], [0.0, 1.0]]",R1
helmholtz2d,R1,R1,4,10,2,1236,,,,,0.01,200,40000,200,10000,371,,0.116146441115561,0.2863866682067692,0.116146441115561,0.2863866682067686,0.2863866682067686,6.163275718688965,4.896667242050171,216.89070916175842,11621,arm64,2.069117694343829,1.6196282655000687,9.80154800415039,69.94859519131376,45.23224353790283,728.051025390625,61.007342537647546,42.05441617965698,440.34808349609375,2764.456049569246,1533.8908386230469,26363.056640625,1880.7969803383883,1278.539321899414,14809.06640625,"[[0.0, 1.0], [0.0, 1.0]]",R1
helmholtz2d,R1,R1,4,10,3,1237,,,,,0.01,200,40000,200,10000,371,,0.1468502200276242,0.3614831917329507,0.1468502200276242,0.36148319173295074,0.36148319173295074,6.343661785125732,5.2199180126190186,179.9651038646698,10175,arm64,2.2688026506183836,1.75967276096344,16.47449493408203,74.57557889666991,49.61229419708252,592.1221923828125,75.02203777786731,50.116822719573975,668.078369140625,3000.5632283789655,1756.7427062988281,27765.9296875,2646.170475895308,1684.6526336669922,19431.69921875,"[[0.0, 1.0], [0.0, 1.0]]",R1
helmholtz2d,R1,R1,4,10,4,1238,,,,,0.01,200,40000,200,10000,371,,0.06443677705199098,0.16705854471609688,0.06443677705199098,0.16705854471609727,0.16705854471609727,15.105685234069824,4.511133193969727,152.23901414871216,10100,arm64,3.656722030165476,2.834557384252548,18.513750076293945,98.66429045968994,69.67311000823975,744.8502197265625,91.37627580119948,64.16131639480591,686.32470703125,2751.5937540814416,1890.2444610595703,16580.0546875,2332.1420277290144,1677.3631439208984,12811.482421875,"[[0.0, 1.0], [0.0, 1.0]]",R1
helmholtz2d,R,R,4,10,0,1234,,,,,0.01,200,40000,200,10000,393,,0.31779027653648106,1.385273828210868,0.31775409452967807,0.7997001899756389,0.40943152015343287,0.10101478546857834,5.516113042831421,261.2775249481201,11191,arm64,0.4835347840653286,0.6476960107684135,1.5922236442565918,35.79226331172806,21.227316856384277,633.77294921875,33.98066644186803,21.954092502593994,309.547119140625,2167.405469391918,922.7481842041016,40415.40234375,1590.4720997238524,877.0451202392578,14198.6181640625,,R
helmholtz2d,R,R,4,10,1,1235,,,,,0.01,200,40000,200,10000,393,,0.3199454653608832,1.3920385406682072,0.31990636010341655,0.8036082490761001,0.4720927397815208,0.4451274871826172,5.421634912490845,143.15448808670044,6285,arm64,0.992265758281627,1.2548948973417282,7.144187927246094,64.38161184188677,39.34495782852173,968.0955810546875,70.94450466173697,39.84778881072998,857.27001953125,2275.5939265936704,1340.84423828125,20605.111328125,2845.9447354964573,1436.9156341552734,28946.4921875,,R
helmholtz2d,R,R,4,10,2,1236,,,,,0.01,200,40000,200,10000,393,,0.3183489443146063,1.3866188326911058,0.3183069564501913,0.8004305348241988,0.42979042549674945,0.23259961605072021,5.6043360233306885,188.72021579742432,8070,arm64,0.6713543138486604,0.8380555063486099,3.5125701427459717,50.660352631375865,27.119809865951538,616.05810546875,43.76485221531898,26.061506748199463,632.9353637695312,2266.0614096930385,1065.6392440795898,22880.890625,1986.0451750904358,1020.5424652099609,22984.13671875,,R
helmholtz2d,R,R,4,10,3,1237,,,,,0.01,200,40000,200,10000,393,,0.31707291440157204,1.3821665089883823,0.3170807759939247,0.7980202626952965,0.4003488057057109,0.3511678874492645,5.195707082748413,190.1796898841858,7435,arm64,0.8796630822107829,1.1010882556438446,5.449915885925293,60.82518320052109,34.44407773017883,830.0938720703125,67.15513414651429,35.84538650512695,972.3790283203125,2499.2152830938753,1286.219482421875,23864.064453125,2838.8194179094944,1312.6951904296875,32468.9609375,,R
helmholtz2d,R,R,4,10,4,1238,,,,,0.01,200,40000,200,10000,393,,0.31818460175296276,1.3862042866147566,0.31822835680468414,0.8004299055915719,0.4371338731866489,0.2465393841266632,5.9671900272369385,195.50673699378967,7688,arm64,0.7623349411727772,0.969958670437336,3.6528594493865967,51.03416196290343,29.98732614517212,435.93798828125,53.565025813084844,31.126492738723755,789.111083984375,2124.0399375364864,1106.2605285644531,19907.6953125,2480.8691647283617,1205.44482421875,22974.740234375,,R
