benchmark,key,key_id,nh,nn,trial,seed,lpa_order,lpa_panels,ff_sigma,ff_features,lr,adam_steps,lbfgs_maxiter,N_b,N_r,n_params,lpa_ref_params,final_loss,time_adam,time_lbfgs,lbfgs_steps,machine,l1_absolute_u,l2_relative_u,l1_absolute_v,l2_relative_v,l1_absolute_p,l2_relative_p,model
kovasznay,FF,FF_s10,2,10,0,1234,,,10.0,3.0,0.01,200,40000,200,5000,213,203.0,3.3773531913757324,7.924635887145996,6.452958822250366,228,arm64,0.6164059841516013,0.6336795057270709,0.08291929940201666,1.000065040801715,0.31622513058192825,1.0276722891637322,FF_s10
kovasznay,FF,FF_s10,2,10,1,1235,,,10.0,3.0,0.01,200,40000,200,5000,213,203.0,3.4885973930358887,7.306591987609863,6.3163158893585205,233,arm64,0.6542805157596533,0.672430393115674,0.08292325899239954,1.000086623070086,0.3369824221159294,1.0801223618535396,FF_s10
kovasznay,FF,FF_s10,2,10,2,1236,,,10.0,3.0,0.01,200,40000,200,5000,213,203.0,3.327855110168457,7.65567684173584,7.868685722351074,275,arm64,0.6519561233596796,0.6701644998902558,0.08296644319421265,1.0005083016233507,0.3242899940524739,1.0469384628211882,FF_s10
kovasznay,FF,FF_s10,2,10,3,1237,,,10.0,3.0,0.01,200,40000,200,5000,213,203.0,3.2476961612701416,8.104850053787231,37.708956241607666,1372,arm64,0.6208833970873451,0.6384555003705155,0.0830373071570228,1.0019430412494654,0.3171486525089274,1.0298492649528692,FF_s10
kovasznay,FF,FF_s10,2,10,4,1238,,,10.0,3.0,0.01,200,40000,200,5000,213,203.0,3.621703863143921,6.420296907424927,5.997328996658325,234,arm64,0.6194926434483561,0.6370325198057243,0.08292405961241897,1.0000911404383919,0.32866043211763807,1.0579756011290005,FF_s10
kovasznay,FF,FF_s1,2,10,0,1234,,,1.0,3.0,0.01,200,40000,200,5000,213,203.0,2.1635427474975586,7.646871089935303,98.93547296524048,3539,arm64,0.3514638715817745,0.3506806942237198,0.10425097662146982,1.2655602232004775,0.32422961041186127,1.0557078490151146,FF_s1
kovasznay,FF,FF_s1,2,10,1,1235,,,1.0,3.0,0.01,200,40000,200,5000,213,203.0,2.1799745559692383,7.512723207473755,333.99051904678345,11583,arm64,0.5159802821565734,0.5246449178960834,0.08884060562363967,1.0971384016086412,0.28123184366275045,0.8893653468382405,FF_s1
kovasznay,FF,FF_s1,2,10,2,1236,,,1.0,3.0,0.01,200,40000,200,5000,213,203.0,2.6787195205688477,7.528661012649536,329.8162839412689,11622,arm64,0.6095693839582246,0.6325809828878175,0.07940050117705044,0.9731450640029943,0.2698621308852864,0.8938714030350291,FF_s1
kovasznay,FF,FF_s1,2,10,3,1237,,,1.0,3.0,0.01,200,40000,200,5000,213,203.0,0.323682963848114,8.180176973342896,269.2905979156494,10309,arm64,0.04660222485141752,0.058891843228194976,0.02885009393657827,0.36825838226883817,0.05132232029317283,0.22192059717317655,FF_s1
kovasznay,FF,FF_s1,2,10,4,1238,,,1.0,3.0,0.01,200,40000,200,5000,213,203.0,1.9542405605316162,7.851170063018799,302.9024381637573,11404,arm64,0.40552519155456196,0.4203535229108329,0.08477673389867518,1.0217662834958339,0.311578881109989,1.0115173517239315,FF_s1
kovasznay,FF,FF_s5,2,10,0,1234,,,5.0,3.0,0.01,200,40000,200,5000,213,203.0,3.376420736312866,7.68509578704834,7.1012537479400635,243,arm64,0.6163713314945849,0.6336798676148813,0.08290375409286793,0.9999923045421407,0.31633266603283383,1.0279470249932166,FF_s5
kovasznay,FF,FF_s5,2,10,1,1235,,,5.0,3.0,0.01,200,40000,200,5000,213,203.0,3.485039234161377,7.942856073379517,19.210850954055786,681,arm64,0.654383551100676,0.6725211045949301,0.0829291769133168,1.0001037297909203,0.336849469068177,1.0797751551299168,FF_s5
kovasznay,FF,FF_s5,2,10,2,1236,,,5.0,3.0,0.01,200,40000,200,5000,213,203.0,3.3273158073425293,8.101008176803589,4.884172201156616,173,arm64,0.6520429836415744,0.670249074957219,0.08296941417788699,1.0005500550736808,0.3242742571075004,1.046891129385052,FF_s5
kovasznay,FF,FF_s5,2,10,3,1237,,,5.0,3.0,0.01,200,40000,200,5000,213,203.0,3.2097208499908447,7.658195972442627,24.888348817825317,867,arm64,0.6168764619444709,0.6324417646402003,0.08310010862390169,1.003057953903305,0.31754827461205515,1.0297035768773914,FF_s5
kovasznay,FF,FF_s5,2,10,4,1238,,,5.0,3.0,0.01,200,40000,200,5000,213,203.0,3.619982957839966,5.740736961364746,10.198519945144653,407,arm64,0.6194191794850608,0.6369474216289709,0.08291922222312863,1.0001103929321808,0.3287015099683971,1.0580524083953369,FF_s5
kovasznay,LPA,LPA_P6_N30,2,10,0,1234,6.0,30.0,,,0.01,200,40000,200,5000,203,,0.0004395181895233691,14.692460060119629,429.42291617393494,7598,arm64,0.0031699791311185265,0.003245321231087279,0.0015652103720315232,0.019697531145687324,0.0020788255044931507,0.0069621123481318934,LPA
kovasznay,LPA,LPA_P6_N30,2,10,1,1235,6.0,30.0,,,0.01,200,40000,200,5000,203,,0.00019831910321954638,15.145856857299805,349.0621328353882,6164,arm64,0.0015665387589359218,0.0017334899841023857,0.0008481460006259649,0.010552901141846857,0.001059521786673514,0.0037221192204573293,LPA
kovasznay,LPA,LPA_P6_N30,2,10,2,1236,6.0,30.0,,,0.01,200,40000,200,5000,203,,0.0002837242791429162,15.75451111793518,289.05109095573425,5092,arm64,0.0027402619723392633,0.0028731601806758415,0.0011149647505737255,0.014459649703905886,0.0015385493813631409,0.005570698474258555,LPA
kovasznay,LPA,LPA_P6_N30,2,10,3,1237,6.0,30.0,,,0.01,200,40000,200,5000,203,,0.0006232877494767308,15.228214025497437,192.8750548362732,3511,arm64,0.0030854771069995014,0.003377617013921518,0.0015956580141471479,0.020172932095587737,0.0026002984259559194,0.009541474148022342,LPA
kovasznay,LPA,LPA_P6_N30,2,10,4,1238,6.0,30.0,,,0.01,200,40000,200,5000,203,,0.0012694831239059567,16.377540826797485,318.039666891098,5763,arm64,0.004069976363507972,0.004389110739515602,0.002991223217003366,0.03785364826012226,0.003556825523433089,0.013501467920576373,LPA
kovasznay,R,R,2,10,0,1234,,,,,0.01,200,40000,200,5000,173,,0.0003794390650000423,5.786787033081055,149.40110087394714,6597,arm64,0.0023503352172678255,0.002482592633344054,0.0010930373968700531,0.014402602270606331,0.0014060591657797342,0.004859453933980964,R
kovasznay,R,R,2,10,1,1235,,,,,0.01,200,40000,200,5000,173,,0.00028796648257412016,6.0531980991363525,178.0019781589508,7577,arm64,0.0020904375811234117,0.002128021082234943,0.0010240551826109449,0.013181961260011988,0.0014150776167954232,0.004998693511503713,R
kovasznay,R,R,2,10,2,1236,,,,,0.01,200,40000,200,5000,173,,0.0005327124963514507,5.951584100723267,122.99681901931763,5291,arm64,0.003074683574840849,0.003188512137284782,0.002070945033505715,0.026094470238711445,0.001514348265913555,0.005189445847312749,R
kovasznay,R,R,2,10,3,1237,,,,,0.01,200,40000,200,5000,173,,0.0001764786138664931,6.395581960678101,154.67131805419922,6520,arm64,0.002004030644089366,0.0021123988297523165,0.0009371083421209454,0.01150652300740366,0.0011299013469095753,0.004107091892497152,R
kovasznay,R,R,2,10,4,1238,,,,,0.01,200,40000,200,5000,173,,0.0008217418217100203,6.728162050247192,77.68959784507751,3527,arm64,0.00369164057242659,0.003786762439964215,0.001837270056654137,0.022086981925529044,0.001969621387737903,0.0068872662151584245,R
kovasznay,FF,FF_s10,3,10,0,1234,,,10.0,3.0,0.01,200,40000,200,5000,323,313.0,3.3773603439331055,10.277277946472168,11.430341005325317,271,arm64,0.616444080364942,0.6337210559374359,0.08289798209678705,1.000000395118462,0.31627149403102495,1.0277776162356074,FF_s10
kovasznay,FF,FF_s10,3,10,1,1235,,,10.0,3.0,0.01,200,40000,200,5000,323,313.0,3.488430976867676,10.500481128692627,8.582453966140747,203,arm64,0.6542422108239927,0.672392778401273,0.08292233087180506,1.0000797546596683,0.3369749923656657,1.0801019673776162,FF_s10
kovasznay,FF,FF_s10,3,10,2,1236,,,10.0,3.0,0.01,200,40000,200,5000,323,313.0,3.3272814750671387,10.297722816467285,7.790271043777466,198,arm64,0.6521336108281608,0.6703376532916616,0.0829731156297153,1.000586772881029,0.3242999628287297,1.0469634941111925,FF_s10
kovasznay,FF,FF_s10,3,10,3,1237,,,10.0,3.0,0.01,200,40000,200,5000,323,313.0,3.247568130493164,10.162341117858887,26.290236234664917,693,arm64,0.6209092035381889,0.6384830513499006,0.08304683270432707,1.0020463092891705,0.3170034448110292,1.0295118447831182,FF_s10
kovasznay,FF,FF_s10,3,10,4,1238,,,10.0,3.0,0.01,200,40000,200,5000,323,313.0,3.6215760707855225,9.364213943481445,8.491942882537842,204,arm64,0.6194111711136686,0.6369447756300427,0.08292300005492147,1.0000839017665444,0.32868331141864965,1.0580343374519885,FF_s10
kovasznay,FF,FF_s1,3,10,0,1234,,,1.0,3.0,0.01,200,40000,200,5000,323,313.0,2.1393232345581055,10.712828159332275,261.36627197265625,6273,arm64,0.35139264650537605,0.34940618840746457,0.1032497812800532,1.2580273542651654,0.3246186555088633,1.0575298726741071,FF_s1
kovasznay,FF,FF_s1,3,10,1,1235,,,1.0,3.0,0.01,200,40000,200,5000,323,313.0,1.9365437030792236,10.492974996566772,574.1185779571533,13887,arm64,0.4858444374209679,0.4974239038129468,0.08633260728424909,1.0488560119169552,0.24965716473844068,0.7965611811359442,FF_s1
kovasznay,FF,FF_s1,3,10,2,1236,,,1.0,3.0,0.01,200,40000,200,5000,323,313.0,2.4716832637786865,10.346405029296875,512.224513053894,12642,arm64,0.5715786332053489,0.5912035729586147,0.07966007528283345,0.9677620647323492,0.26735488766917054,0.8848172379075405,FF_s1
kovasznay,FF,FF_s1,3,10,3,1237,,,1.0,3.0,0.01,200,40000,200,5000,323,313.0,0.17513969540596008,10.45345401763916,391.253408908844,9884,arm64,0.028836558142708708,0.03724836031137615,0.018803235198052153,0.2674732366778489,0.035704696463424064,0.162259034500481,FF_s1
kovasznay,FF,FF_s1,3,10,4,1238,,,1.0,3.0,0.01,200,40000,200,5000,323,313.0,1.592780590057373,9.426950931549072,483.7749881744385,12874,arm64,0.277288510217466,0.3011072269113382,0.08395810018621606,1.0096085633645355,0.25427707883890527,0.846445487245144,FF_s1
kovasznay,FF,FF_s5,3,10,0,1234,,,5.0,3.0,0.01,200,40000,200,5000,323,313.0,3.3764443397521973,11.099410057067871,9.343289852142334,229,arm64,0.6163750426585826,0.6336852594027359,0.08290305930015024,0.9999928260973611,0.3163436705228666,1.02797001615578,FF_s5
kovasznay,FF,FF_s5,3,10,1,1235,,,5.0,3.0,0.01,200,40000,200,5000,323,313.0,3.4815406799316406,10.602894067764282,49.98013520240784,1251,arm64,0.654318884553898,0.6724138680416312,0.08291215196561391,1.0000205583443345,0.33690903842619274,1.0799046678857147,FF_s5
kovasznay,FF,FF_s5,3,10,2,1236,,,5.0,3.0,0.01,200,40000,200,5000,323,313.0,3.3272204399108887,10.336363792419434,6.016571760177612,144,arm64,0.6521106806487041,0.670315173163315,0.08296847904854332,1.000531089611236,0.3242572423358005,1.046846791852338,FF_s5
kovasznay,FF,FF_s5,3,10,3,1237,,,5.0,3.0,0.01,200,40000,200,5000,323,313.0,3.206062078475952,10.237897872924805,72.14517402648926,1818,arm64,0.6169069423469751,0.6324410043291396,0.08308531991275084,1.0029539748763583,0.31738067609180476,1.0291740133177898,FF_s5
kovasznay,FF,FF_s5,3,10,4,1238,,,5.0,3.0,0.01,200,40000,200,5000,323,313.0,3.614962577819824,9.805032968521118,69.84089994430542,1914,arm64,0.6195458107201047,0.6370325291318888,0.08292036828577537,1.0002190092850225,0.3288628784080126,1.0584958534827473,FF_s5
kovasznay,LPA,LPA_P6_N30,3,10,0,1234,6.0,30.0,,,0.01,200,40000,200,5000,313,,0.00023966157459653914,19.036024808883667,289.85009002685547,3985,arm64,0.002470088809807041,0.002825691261727,0.0009894792837487492,0.012488698523260705,0.0011605063817146594,0.003882239944661766,LPA
kovasznay,LPA,LPA_P6_N30,3,10,1,1235,6.0,30.0,,,0.01,200,40000,200,5000,313,,8.121693099383265e-05,19.355592250823975,390.6302101612091,5465,arm64,0.0015004611785598677,0.0016213971380878418,0.0005587978530185438,0.006950361632861492,0.0008574317149700281,0.003056263232778394,LPA
kovasznay,LPA,LPA_P6_N30,3,10,2,1236,6.0,30.0,,,0.01,200,40000,200,5000,313,,0.00012424281158018857,18.769222021102905,232.20916175842285,3259,arm64,0.0018307286826602927,0.0019431468691638572,0.0007520090962457603,0.009936553515648488,0.0012605520459710166,0.00460481001167404,LPA
kovasznay,LPA,LPA_P6_N30,3,10,3,1237,6.0,30.0,,,0.01,200,40000,200,5000,313,,8.432185859419405e-05,19.3038432598114,437.9708480834961,6578,arm64,0.0009140830368928864,0.0009785757420307502,0.0006371395731479048,0.008780879670714737,0.00048760213973255404,0.0019356373655314615,LPA
kovasznay,LPA,LPA_P6_N30,3,10,4,1238,6.0,30.0,,,0.01,200,40000,200,5000,313,,0.0003501996397972107,16.847116947174072,227.63161778450012,3486,arm64,0.002720922596609196,0.002773161170111,0.0014588021745046238,0.01780525282275671,0.0017671822668539456,0.006595915808093224,LPA
kovasznay,R,R,3,10,0,1234,,,,,0.01,200,40000,200,5000,283,,0.0002335783647140488,9.00300908088684,180.00649690628052,4943,arm64,0.0019527986674858378,0.0020208230101947436,0.0007425281924063424,0.00955025976721895,0.0024135709485793105,0.00800933818980088,R
kovasznay,R,R,3,10,1,1235,,,,,0.01,200,40000,200,5000,283,,9.818107355386019e-05,8.834661722183228,191.1171898841858,5311,arm64,0.0010070566675163522,0.0010835334092873254,0.0005813301439762848,0.007408024821875274,0.0005912874913650159,0.0020986026285703357,R
kovasznay,R,R,3,10,2,1236,,,,,0.01,200,40000,200,5000,283,,0.00022132319281809032,8.653863191604614,157.76470518112183,4415,arm64,0.0017968433200764473,0.0019111229963393766,0.0011815789371136822,0.014407747340838873,0.0019328507650942762,0.006492597017973307,R
kovasznay,R,R,3,10,3,1237,,,,,0.01,200,40000,200,5000,283,,0.0010788063518702984,8.65030312538147,139.62455320358276,4015,arm64,0.005860223279153105,0.006133508086358961,0.0028417537459060967,0.0344544330634632,0.006066389511618875,0.01963767468413888,R
kovasznay,R,R,3,10,4,1238,,,,,0.01,200,40000,200,5000,283,,0.00013687909813597798,8.696732759475708,162.69500970840454,5029,arm64,0.0014384896894385003,0.00150292345941155,0.0004881710988852228,0.0061027364472365404,0.001595133332689702,0.005406098279422902,R
kovasznay,FF,FF_s10,4,10,0,1234,,,10.0,3.0,0.01,200,40000,200,5000,433,423.0,3.377338409423828,11.462226867675781,9.209201097488403,196,arm64,0.6163912806274886,0.6336636243004654,0.08290217892762597,1.00000377505403,0.31624670049257375,1.0277210442087734,FF_s10
kovasznay,FF,FF_s10,4,10,1,1235,,,10.0,3.0,0.01,200,40000,200,5000,433,423.0,3.4883949756622314,9.775260210037231,7.222398042678833,166,arm64,0.654214617748989,0.672366002012824,0.08292188293647344,1.000076841217616,0.3370190599958375,1.080222735963465,FF_s10
kovasznay,FF,FF_s10,4,10,2,1236,,,10.0,3.0,0.01,200,40000,200,5000,433,423.0,3.3274669647216797,9.853920936584473,9.032814025878906,213,arm64,0.6521233457742726,0.6703279816705989,0.08297298403011022,1.0005850673765426,0.3242942494337004,1.0469452000237114,FF_s10
kovasznay,FF,FF_s10,4,10,3,1237,,,10.0,3.0,0.01,200,40000,200,5000,433,423.0,3.251296043395996,12.705602884292603,17.92663884162903,338,arm64,0.6208658561419221,0.6384329065719375,0.08304453110044349,1.0019448636506942,0.31716325162805414,1.029829568744397,FF_s10
kovasznay,FF,FF_s10,4,10,4,1238,,,10.0,3.0,0.01,200,40000,200,5000,433,423.0,3.6216676235198975,10.087186813354492,6.641752004623413,155,arm64,0.6194059667465618,0.6369390468423667,0.08292232869837757,1.0000794981550576,0.3287022140855164,1.0580831087403426,FF_s10
kovasznay,FF,FF_s1,4,10,0,1234,,,1.0,3.0,0.01,200,40000,200,5000,433,423.0,2.080946445465088,11.803339004516602,491.6529698371887,10905,arm64,0.34935597260907764,0.34733732320817995,0.1042385080531618,1.2694043319829482,0.32223723966541307,1.0504166971465752,FF_s1
kovasznay,FF,FF_s1,4,10,1,1235,,,1.0,3.0,0.01,200,40000,200,5000,433,423.0,1.5386050939559937,11.519614219665527,517.6974349021912,11674,arm64,0.42597640468554954,0.43712374703725215,0.08468199880358214,1.0138554295363569,0.21809708391986346,0.6915255053818324,FF_s1
kovasznay,FF,FF_s1,4,10,2,1236,,,1.0,3.0,0.01,200,40000,200,5000,433,423.0,2.2767653465270996,9.988209009170532,428.0574839115143,8661,arm64,0.551751178846837,0.5679307104893945,0.07828251011556625,0.959186934528013,0.2673631612334137,0.8842717306752944,FF_s1
kovasznay,FF,FF_s1,4,10,3,1237,,,1.0,3.0,0.01,200,40000,200,5000,433,423.0,0.050392065197229385,12.62765622138977,561.5595002174377,11483,arm64,0.0170409882648583,0.018647370299550575,0.008142456503925553,0.10329410809798953,0.012772429188133915,0.046344611472184986,FF_s1
kovasznay,FF,FF_s1,4,10,4,1238,,,1.0,3.0,0.01,200,40000,200,5000,433,423.0,1.105956792831421,12.716715812683105,779.9235188961029,16457,arm64,0.331042669606401,0.356198949490075,0.0912189739635768,1.0884525543654036,0.20953838009169898,0.7293480320065185,FF_s1
kovasznay,FF,FF_s5,4,10,0,1234,,,5.0,3.0,0.01,200,40000,200,5000,433,423.0,3.3764235973358154,11.366688966751099,7.781519174575806,154,arm64,0.6163333964045199,0.6336394353685855,0.0829034233065075,0.9999952190570791,0.31631456158987975,1.0279056534704536,FF_s5
kovasznay,FF,FF_s5,4,10,1,1235,,,5.0,3.0,0.01,200,40000,200,5000,433,423.0,3.481376886367798,9.688690900802612,44.19379281997681,1070,arm64,0.6544759539621585,0.6725627070812591,0.08291679862227615,1.0000221659476474,0.33687222744843576,1.0798080548263485,FF_s5
kovasznay,FF,FF_s5,4,10,2,1236,,,5.0,3.0,0.01,200,40000,200,5000,433,423.0,3.3271632194519043,9.951227188110352,8.474169254302979,195,arm64,0.6521290201737877,0.6703333080554571,0.08296968383826192,1.0005403628177363,0.3242718388405186,1.0468809461819197,FF_s5
kovasznay,FF,FF_s5,4,10,3,1237,,,5.0,3.0,0.01,200,40000,200,5000,433,423.0,3.201780319213867,12.804837226867676,96.02026796340942,1896,arm64,0.6168767374044418,0.6323925755332627,0.08307325324350266,1.0030402685253985,0.31741809052788217,1.0291819731843788,FF_s5
kovasznay,FF,FF_s5,4,10,4,1238,,,5.0,3.0,0.01,200,40000,200,5000,433,423.0,3.6142938137054443,11.3142249584198,64.0698311328888,1541,arm64,0.6195110640369974,0.6369878486243944,0.0829214855083483,1.0002173268805952,0.3288811076108572,1.0585515130388632,FF_s5
kovasznay,LPA,LPA_P6_N30,4,10,0,1234,6.0,30.0,,,0.01,200,40000,200,5000,423,,0.00010605023271637037,19.73654317855835,428.9438281059265,5780,arm64,0.0011727111159323038,0.0012089106402063954,0.000683732979803664,0.008434057295049353,0.0007553605873601327,0.0027876490888917175,LPA
kovasznay,LPA,LPA_P6_N30,4,10,1,1235,6.0,30.0,,,0.01,200,40000,200,5000,423,,2.6474601327208802e-05,19.82338571548462,467.56382989883423,6567,arm64,0.0005499678873452476,0.0005677857436273705,0.0002686384976237041,0.003262666084417339,0.0004256746761660478,0.0015320641595002278,LPA
kovasznay,LPA,LPA_P6_N30,4,10,2,1236,6.0,30.0,,,0.01,200,40000,200,5000,423,,5.928643804509193e-05,17.013033151626587,380.94408917427063,5100,arm64,0.0008222547996078651,0.0008330497118020895,0.0006446168486302053,0.0077844143992899075,0.0007116060058314333,0.002517998313959359,LPA
kovasznay,LPA,LPA_P6_N30,4,10,3,1237,6.0,30.0,,,0.01,200,40000,200,5000,423,,0.0003958188171964139,20.279347896575928,310.25079107284546,3813,arm64,0.003046671875943274,0.003824120111485419,0.0015203364889832453,0.020103795396868938,0.0013579245191877624,0.004573629147834594,LPA
kovasznay,LPA,LPA_P6_N30,4,10,4,1238,6.0,30.0,,,0.01,200,40000,200,5000,423,,0.00010349946387577802,21.70834493637085,255.6038851737976,3577,arm64,0.001107683728378455,0.0011977346728417474,0.0005983475028324145,0.0073652414860045255,0.0007111517248156929,0.002614135420530507,LPA
kovasznay,R,R,4,10,0,1234,,,,,0.01,200,40000,200,5000,393,,5.3580683015752584e-05,10.380690813064575,206.85603713989258,4797,arm64,0.000985107876083115,0.0011317117443380553,0.0004348088190363919,0.005952131982212088,0.0006372498185143459,0.0021320853930477516,R
kovasznay,R,R,4,10,1,1235,,,,,0.01,200,40000,200,5000,393,,0.0001753648102749139,10.215898036956787,233.46126103401184,5883,arm64,0.0012877915068272214,0.0014547061558208643,0.0006905629851026917,0.008977698920692414,0.0014881915312700037,0.0051539446451362835,R
kovasznay,R,R,4,10,2,1236,,,,,0.01,200,40000,200,5000,393,,0.00011049387831008062,8.718838930130005,282.4302520751953,7229,arm64,0.0008842972327990571,0.0009080109473048165,0.0005900981630527775,0.0073565615459141595,0.0007926924271297601,0.0027463231699442004,R
kovasznay,R,R,4,10,3,1237,,,,,0.01,200,40000,200,5000,393,,7.752692908979952e-05,8.644941091537476,325.61201572418213,6960,arm64,0.0009908967133311977,0.0009954537050554963,0.0005501588039119923,0.007143838833768959,0.000641439637335573,0.0022322332697398625,R
kovasznay,R,R,4,10,4,1238,,,,,0.01,200,40000,200,5000,393,,9.124993812292814e-05,11.681926012039185,239.35670232772827,5786,arm64,0.0009282154027619418,0.0010039206857459613,0.0006478804803489058,0.008057317381079919,0.0008359386659936032,0.0028214855152666357,R
